image_id,file_name,length_cm,width_cm,height_cm,bbox_x,bbox_y,bbox_w,bbox_h,belt_y,side_sign
1,parcel_00001.jpg,85,23,44,111.66,178.17,145.7,66.66,167,-1
2,parcel_00002.jpg,65,24,16,205.4,221.05,115.72,24.23,132,-1
3,parcel_00003.jpg,57,62,55,46.05,162.86,86.99,57.42,156,-1
4,parcel_00004.jpg,37,30,19,265.73,166.96,84.22,34.63,135,1
5,parcel_00005.jpg,65,30,39,50.33,164.05,155.76,81.93,160,1
6,parcel_00006.jpg,67,70,34,147.25,188.78,135.49,42.65,169,-1
7,parcel_00007.jpg,33,20,42,170.71,172.27,54.89,41.48,140,1
8,parcel_00008.jpg,25,53,19,31.56,163.49,56.35,18.19,150,-1
9,parcel_00009.jpg,78,65,32,121.73,150.1,143.82,44.82,136,1
10,parcel_00010.jpg,35,35,48,260.65,179.05,63.2,61.14,149,-1
11,parcel_00011.jpg,85,43,36,39.67,175.65,190.74,60.59,171,1
12,parcel_00012.jpg,47,41,32,188.9,139.25,106.2,52.29,135,-1
13,parcel_00013.jpg,37,38,59,275.79,178.33,59.59,49.59,154,-1
14,parcel_00014.jpg,60,33,45,215.84,153.34,129.95,85.89,146,-1
15,parcel_00015.jpg,69,32,53,218.7,175.87,100.08,52.41,164,1
16,parcel_00016.jpg,88,63,51,152.77,168.41,206.72,87.59,173,-1
17,parcel_00017.jpg,68,14,15,144.59,189.22,127.98,23.77,164,-1
18,parcel_00018.jpg,34,17,54,111.24,162.62,71.57,86.66,164,1
19,parcel_00019.jpg,41,62,9,200.37,201.1,117.07,30.92,174,1
20,parcel_00020.jpg,49,35,41,89.05,146.28,124.25,81.29,141,1
21,parcel_00021.jpg,44,33,9,268.23,177.4,86.27,16.42,130,-1
22,parcel_00022.jpg,75,65,30,142.13,187.59,152.89,40.07,169,-1
23,parcel_00023.jpg,49,66,50,211.55,173.0,123.07,69.51,159,-1
24,parcel_00024.jpg,73,36,42,40.62,173.61,154.09,72.51,170,1
25,parcel_00025.jpg,71,20,32,189.96,164.6,148.43,54.53,154,-1
26,parcel_00026.jpg,67,46,47,25.28,177.85,107.48,60.46,173,-1
27,parcel_00027.jpg,49,40,32,188.04,196.58,103.85,41.4,135,1
28,parcel_00028.jpg,38,56,8,75.28,189.17,96.23,16.57,139,1
29,parcel_00029.jpg,82,15,13,84.06,182.31,123.35,13.38,144,1
30,parcel_00030.jpg,51,56,45,22.56,171.34,111.73,51.64,143,1
31,parcel_00031.jpg,53,69,49,199.04,190.76,105.39,54.73,133,1
32,parcel_00032.jpg,28,66,50,185.82,187.42,88.48,57.04,152,1
33,parcel_00033.jpg,34,13,20,148.01,206.6,67.7,28.54,153,-1
34,parcel_00034.jpg,69,59,43,61.79,165.76,190.84,85.38,174,1
35,parcel_00035.jpg,19,56,33,303.38,170.22,42.68,34.53,151,1
36,parcel_00036.jpg,66,65,43,164.4,169.9,160.54,76.19,166,1
37,parcel_00037.jpg,76,44,41,153.44,191.18,127.41,49.76,157,-1
38,parcel_00038.jpg,46,24,55,247.6,188.21,87.55,54.81,154,1
39,parcel_00039.jpg,75,37,48,114.39,175.77,106.36,51.75,144,-1
40,parcel_00040.jpg,36,28,57,221.9,167.65,76.09,57.87,148,-1
41,parcel_00041.jpg,62,22,8,107.54,178.19,78.14,9.89,160,1
42,parcel_00042.jpg,32,12,38,293.7,183.38,62.07,39.32,156,1
43,parcel_00043.jpg,89,64,44,92.02,149.83,254.37,97.37,147,-1
44,parcel_00044.jpg,54,18,21,38.93,190.17,95.9,35.53,173,1
45,parcel_00045.jpg,78,63,17,66.37,162.91,168.83,28.77,145,-1
46,parcel_00046.jpg,69,44,17,198.07,164.26,109.47,22.32,136,1
47,parcel_00047.jpg,48,19,50,121.96,150.82,113.43,64.23,143,-1
48,parcel_00048.jpg,18,65,31,205.99,197.75,97.01,44.21,160,-1
49,parcel_00049.jpg,27,46,40,186.24,173.68,93.8,71.13,167,1
50,parcel_00050.jpg,33,17,26,189.16,148.34,72.41,36.68,138,1
51,parcel_00051.jpg,55,26,46,56.01,175.15,83.94,42.98,161,-1
52,parcel_00052.jpg,78,46,42,95.81,182.96,168.72,57.37,159,-1
53,parcel_00053.jpg,41,18,57,21.22,169.55,53.16,44.81,140,1
54,parcel_00054.jpg,48,39,25,207.94,177.67,131.1,59.42,166,1
55,parcel_00055.jpg,57,21,38,39.33,209.75,89.31,34.89,154,-1
56,parcel_00056.jpg,87,29,22,149.64,181.4,114.34,27.49,168,-1
57,parcel_00057.jpg,42,65,43,60.88,176.26,83.75,50.83,165,1
58,parcel_00058.jpg,24,18,36,153.13,201.64,31.99,26.02,174,-1
59,parcel_00059.jpg,87,13,51,154.19,179.68,102.23,51.84,158,1
60,parcel_00060.jpg,20,26,46,114.89,193.3,54.7,50.81,132,-1
61,parcel_00061.jpg,86,52,15,21.36,183.74,131.7,24.23,136,1
62,parcel_00062.jpg,44,17,33,186.98,162.63,109.5,49.91,155,1
63,parcel_00063.jpg,63,33,26,186.36,198.18,125.32,41.49,138,1
64,parcel_00064.jpg,84,51,46,26.65,160.21,184.09,69.87,142,1
65,parcel_00065.jpg,77,26,38,199.67,167.41,141.3,45.81,140,-1
66,parcel_00066.jpg,82,17,22,162.79,203.18,131.9,33.97,153,-1
67,parcel_00067.jpg,88,68,56,60.58,155.0,221.96,100.33,157,-1
68,parcel_00068.jpg,62,42,36,203.29,185.51,104.21,48.96,167,-1
69,parcel_00069.jpg,74,36,58,83.18,166.47,106.41,62.54,154,-1
70,parcel_00070.jpg,85,53,38,25.19,158.96,159.06,63.15,133,1
71,parcel_00071.jpg,83,56,54,31.79,168.18,220.78,81.89,167,1
72,parcel_00072.jpg,71,21,36,91.64,191.27,142.51,50.86,161,1
73,parcel_00073.jpg,48,59,23,202.93,180.0,143.06,39.85,162,1
74,parcel_00074.jpg,57,39,42,170.3,178.65,148.77,62.67,173,1
75,parcel_00075.jpg,67,25,54,102.96,168.04,118.3,72.94,163,-1
76,parcel_00076.jpg,39,58,41,105.74,148.89,139.13,78.82,135,1
77,parcel_00077.jpg,27,55,16,256.12,196.25,83.7,34.22,158,-1
78,parcel_00078.jpg,69,59,21,194.18,178.8,135.68,38.46,165,-1
79,parcel_00079.jpg,46,13,53,67.9,160.53,93.47,70.8,138,-1
80,parcel_00080.jpg,90,50,29,172.63,199.8,179.14,36.52,155,-1
81,parcel_00081.jpg,45,56,14,56.01,204.81,111.33,24.61,147,1
82,parcel_00082.jpg,25,57,47,166.01,157.39,102.55,82.96,148,-1
83,parcel_00083.jpg,53,65,45,43.68,166.98,125.72,58.46,144,1
84,parcel_00084.jpg,31,60,18,27.82,160.31,88.21,35.94,154,-1
85,parcel_00085.jpg,60,24,39,38.11,186.25,108.71,56.54,143,-1
86,parcel_00086.jpg,88,16,42,192.12,187.38,121.4,45.83,150,-1
87,parcel_00087.jpg,31,53,40,97.18,177.69,113.34,72.95,175,-1
88,parcel_00088.jpg,48,45,31,240.51,174.05,99.36,33.3,157,-1
89,parcel_00089.jpg,90,59,42,216.43,203.62,136.36,40.41,156,1
90,parcel_00090.jpg,45,16,27,156.15,175.78,95.17,39.16,158,-1
91,parcel_00091.jpg,54,50,43,174.67,166.36,147.22,78.71,146,-1
92,parcel_00092.jpg,53,49,49,105.0,161.36,120.58,80.77,131,1
93,parcel_00093.jpg,80,17,32,134.25,191.13,130.94,47.02,172,1
94,parcel_00094.jpg,48,30,20,164.52,174.07,74.57,26.73,144,1
95,parcel_00095.jpg,90,32,49,48.71,176.52,106.58,45.67,149,-1
96,parcel_00096.jpg,79,16,49,185.58,173.23,111.04,54.09,160,-1
97,parcel_00097.jpg,28,54,8,190.24,185.75,80.02,17.6,155,1
98,parcel_00098.jpg,27,38,8,241.46,197.0,60.4,15.03,175,-1
99,parcel_00099.jpg,20,59,57,164.66,148.15,109.35,95.66,144,-1
100,parcel_00100.jpg,35,50,42,83.03,169.69,97.9,67.32,152,1
101,parcel_00101.jpg,81,49,37,24.97,163.49,154.41,55.68,149,1
102,parcel_00102.jpg,52,64,33,117.17,182.04,134.7,45.78,174,-1
103,parcel_00103.jpg,52,14,11,147.13,175.86,81.69,16.57,148,-1
104,parcel_00104.jpg,59,25,37,232.89,183.64,91.47,38.85,144,1
105,parcel_00105.jpg,47,43,46,119.42,160.64,129.27,95.36,164,-1
106,parcel_00106.jpg,82,32,14,121.52,192.6,174.8,30.5,168,-1
107,parcel_00107.jpg,56,19,48,54.62,169.11,120.07,65.73,153,-1
108,parcel_00108.jpg,40,32,53,262.33,163.59,92.37,89.77,161,-1
109,parcel_00109.jpg,88,56,34,157.79,162.98,203.85,52.07,141,-1
110,parcel_00110.jpg,68,21,28,117.71,201.17,113.49,34.15,175,1
111,parcel_00111.jpg,32,59,35,163.53,161.36,110.4,66.76,153,-1
112,parcel_00112.jpg,70,34,11,189.5,185.23,110.93,23.86,159,-1
113,parcel_00113.jpg,80,40,24,182.39,153.28,160.76,48.22,141,-1
114,parcel_00114.jpg,75,47,31,31.35,189.77,134.28,34.57,160,-1
115,parcel_00115.jpg,84,15,55,142.36,151.06,168.85,91.99,139,1
116,parcel_00116.jpg,81,35,8,132.22,168.39,181.03,23.13,161,-1
117,parcel_00117.jpg,69,33,35,132.78,183.68,121.72,36.13,147,1
118,parcel_00118.jpg,48,33,59,35.98,184.08,60.9,53.57,165,-1
119,parcel_00119.jpg,42,55,34,210.37,167.97,118.69,59.86,161,-1
120,parcel_00120.jpg,49,62,24,265.46,180.37,89.65,33.5,174,-1
121,parcel_00121.jpg,28,43,45,115.75,167.08,64.02,42.83,133,-1
122,parcel_00122.jpg,70,12,44,38.76,174.09,131.24,62.11,142,1
123,parcel_00123.jpg,67,29,57,25.76,157.35,138.09,93.29,162,1
124,parcel_00124.jpg,27,19,19,181.34,190.79,56.57,25.99,153,1
125,parcel_00125.jpg,44,69,48,119.12,168.16,95.34,59.97,163,-1
126,parcel_00126.jpg,75,43,24,46.01,167.66,176.65,38.82,154,1
127,parcel_00127.jpg,85,48,38,162.7,185.8,158.29,45.58,131,-1
128,parcel_00128.jpg,35,57,34,82.26,169.96,91.16,50.33,155,-1
129,parcel_00129.jpg,78,40,28,113.66,186.29,140.57,36.07,156,1
130,parcel_00130.jpg,59,55,57,164.77,148.01,127.49,64.93,131,-1
131,parcel_00131.jpg,36,17,28,31.19,159.68,60.47,35.69,140,-1
132,parcel_00132.jpg,26,24,10,143.02,229.55,37.3,12.01,156,1
133,parcel_00133.jpg,61,68,22,118.3,173.85,181.29,57.95,144,1
134,parcel_00134.jpg,41,39,24,132.78,174.66,84.65,27.37,130,-1
135,parcel_00135.jpg,70,53,13,38.76,177.12,164.35,25.43,151,-1
136,parcel_00136.jpg,75,27,45,153.59,175.47,149.26,63.81,165,-1
137,parcel_00137.jpg,19,70,57,208.33,162.72,96.66,93.28,161,-1
138,parcel_00138.jpg,37,47,11,274.97,222.86,86.98,19.44,167,1
139,parcel_00139.jpg,52,21,54,148.15,172.06,122.38,73.22,168,-1
140,parcel_00140.jpg,88,42,10,124.12,188.07,209.17,28.09,136,-1
141,parcel_00141.jpg,41,40,19,87.97,171.07,86.09,32.32,136,-1
142,parcel_00142.jpg,43,12,29,36.58,212.35,49.13,26.18,146,1
143,parcel_00143.jpg,71,20,37,121.62,155.83,104.32,49.48,133,1
144,parcel_00144.jpg,46,20,46,69.12,152.61,89.05,49.12,146,1
145,parcel_00145.jpg,20,41,27,56.92,195.59,70.51,43.04,151,-1
146,parcel_00146.jpg,21,20,28,101.14,176.04,38.6,26.45,138,-1
147,parcel_00147.jpg,57,14,59,240.54,162.7,70.74,50.7,142,1
148,parcel_00148.jpg,38,54,52,199.8,170.62,94.84,56.3,139,1
149,parcel_00149.jpg,78,46,56,58.47,154.79,132.44,75.61,139,-1
150,parcel_00150.jpg,83,35,37,97.79,150.64,150.5,48.05,133,-1
151,parcel_00151.jpg,55,63,54,209.53,196.06,104.46,48.59,142,-1
152,parcel_00152.jpg,73,34,52,174.39,140.25,157.23,71.12,133,-1
153,parcel_00153.jpg,32,25,24,177.29,196.96,85.74,40.32,169,1
154,parcel_00154.jpg,34,22,26,94.3,143.77,88.77,36.32,135,-1
155,parcel_00155.jpg,37,53,59,262.32,150.45,90.52,86.03,144,-1
156,parcel_00156.jpg,88,52,28,108.17,175.38,236.7,65.57,130,-1
157,parcel_00157.jpg,65,26,15,72.71,179.71,110.6,20.86,149,-1
158,parcel_00158.jpg,59,60,17,48.59,199.57,92.35,19.4,167,-1
159,parcel_00159.jpg,59,12,17,250.78,211.31,73.79,16.11,139,-1
160,parcel_00160.jpg,69,51,27,142.88,187.79,193.56,49.17,170,-1
161,parcel_00161.jpg,51,29,41,24.77,166.55,108.57,65.76,154,-1
162,parcel_00162.jpg,41,59,35,171.64,152.28,84.93,39.0,135,-1
163,parcel_00163.jpg,62,40,52,62.55,181.61,107.68,64.33,162,-1
164,parcel_00164.jpg,43,66,49,29.5,185.26,100.59,58.53,175,-1
165,parcel_00165.jpg,33,30,22,92.86,168.34,90.75,34.48,149,1
166,parcel_00166.jpg,54,52,37,180.45,161.69,155.86,78.63,155,1
167,parcel_00167.jpg,31,48,54,99.16,172.62,104.38,72.91,158,1
168,parcel_00168.jpg,47,34,53,157.39,164.09,85.69,61.01,137,-1
169,parcel_00169.jpg,71,47,20,131.84,158.06,182.08,47.23,151,1
170,parcel_00170.jpg,79,64,41,83.24,164.34,200.77,78.7,156,1
171,parcel_00171.jpg,58,54,49,229.14,183.19,102.34,52.57,142,-1
172,parcel_00172.jpg,62,25,19,79.79,186.99,140.06,32.57,133,1
173,parcel_00173.jpg,78,19,58,66.37,158.14,173.24,87.56,153,1
174,parcel_00174.jpg,45,25,8,128.81,184.95,99.14,15.92,139,-1
175,parcel_00175.jpg,77,52,24,116.14,174.69,168.57,44.54,164,1
176,parcel_00176.jpg,60,50,51,166.65,171.99,100.79,45.69,164,1
177,parcel_00177.jpg,88,49,56,160.34,168.36,159.89,80.0,167,1
178,parcel_00178.jpg,73,19,15,38.52,198.51,120.93,18.65,172,-1
179,parcel_00179.jpg,27,60,34,92.25,205.54,70.59,36.18,151,1
180,parcel_00180.jpg,35,40,30,218.03,182.36,99.82,62.96,172,-1
181,parcel_00181.jpg,54,59,24,256.29,184.11,106.39,30.96,147,-1
182,parcel_00182.jpg,61,18,33,135.34,173.59,101.58,44.65,166,-1
183,parcel_00183.jpg,89,29,22,51.25,200.92,195.59,40.4,138,-1
184,parcel_00184.jpg,83,42,41,199.82,144.5,115.38,47.26,130,-1
185,parcel_00185.jpg,42,39,38,60.29,162.19,95.37,49.36,141,-1
186,parcel_00186.jpg,76,14,10,121.51,228.27,100.4,17.4,173,1
187,parcel_00187.jpg,19,23,37,146.2,207.13,34.28,36.59,159,1
188,parcel_00188.jpg,44,19,11,277.32,223.35,76.03,16.28,131,-1
189,parcel_00189.jpg,82,68,15,146.94,171.97,186.5,36.51,166,1
190,parcel_00190.jpg,39,54,47,193.49,171.9,91.57,47.13,163,1
191,parcel_00191.jpg,80,30,34,196.93,181.04,107.8,35.43,171,-1
192,parcel_00192.jpg,29,61,38,260.27,206.41,65.49,38.79,171,1
193,parcel_00193.jpg,26,66,47,223.65,182.56,66.32,44.64,175,1
194,parcel_00194.jpg,58,69,44,93.28,167.75,157.64,77.95,159,1
195,parcel_00195.jpg,89,41,31,117.06,139.95,214.98,59.13,134,1
196,parcel_00196.jpg,31,50,40,236.69,181.86,60.51,34.88,172,-1
197,parcel_00197.jpg,56,49,38,30.96,173.5,92.65,43.72,168,1
198,parcel_00198.jpg,63,24,35,180.6,155.81,125.47,57.62,130,1
199,parcel_00199.jpg,63,18,46,246.03,158.81,85.43,50.28,136,1
200,parcel_00200.jpg,18,55,25,250.36,174.24,74.76,46.89,160,1
201,parcel_00201.jpg,34,12,19,240.85,153.62,64.85,30.67,132,-1
202,parcel_00202.jpg,34,22,33,213.53,150.03,94.35,60.54,143,1
203,parcel_00203.jpg,87,56,50,71.95,150.41,239.46,94.88,146,-1
204,parcel_00204.jpg,26,54,30,181.53,155.72,111.5,63.81,143,1
205,parcel_00205.jpg,18,29,53,108.29,163.09,64.2,70.1,152,-1
206,parcel_00206.jpg,55,49,52,42.71,162.58,116.24,77.64,157,1
207,parcel_00207.jpg,52,39,23,27.85,200.53,88.35,30.98,160,-1
208,parcel_00208.jpg,75,49,59,54.63,162.16,135.15,74.01,156,1
209,parcel_00209.jpg,89,55,31,80.44,183.74,197.03,57.47,162,1
210,parcel_00210.jpg,40,29,50,72.64,162.94,82.64,77.28,144,-1
211,parcel_00211.jpg,78,28,36,65.91,187.19,145.49,57.14,142,-1
212,parcel_00212.jpg,33,16,45,50.67,151.01,60.94,57.83,145,1
213,parcel_00213.jpg,20,17,23,326.71,201.26,36.45,24.0,133,-1
214,parcel_00214.jpg,24,61,41,109.14,187.33,81.35,57.82,172,-1
215,parcel_00215.jpg,33,60,50,165.69,145.56,100.48,83.89,136,1
216,parcel_00216.jpg,81,18,22,90.17,197.28,146.47,33.58,170,-1
217,parcel_00217.jpg,43,29,46,60.63,181.84,69.3,42.12,135,-1
218,parcel_00218.jpg,45,31,32,136.72,168.64,61.45,23.69,132,1
219,parcel_00219.jpg,72,16,51,267.84,199.07,89.55,45.93,170,-1
220,parcel_00220.jpg,74,29,10,103.09,203.45,121.91,19.74,151,1
221,parcel_00221.jpg,82,31,56,187.66,144.92,171.22,101.57,141,1
222,parcel_00222.jpg,58,33,41,259.14,163.47,96.09,55.53,150,1
223,parcel_00223.jpg,45,20,46,87.52,174.55,75.45,47.35,161,-1
224,parcel_00224.jpg,85,17,45,80.6,169.89,110.28,55.97,161,-1
225,parcel_00225.jpg,72,43,23,104.71,182.76,93.78,23.16,163,1
226,parcel_00226.jpg,34,41,23,131.98,160.88,86.27,39.15,139,-1
227,parcel_00227.jpg,35,35,48,218.01,166.7,97.12,73.6,159,1
228,parcel_00228.jpg,53,46,46,182.65,174.12,92.0,48.55,158,1
229,parcel_00229.jpg,36,48,44,105.67,174.96,120.92,76.01,174,1
230,parcel_00230.jpg,71,65,26,123.15,190.49,189.29,52.09,174,-1
231,parcel_00231.jpg,48,18,29,205.71,190.14,98.26,35.72,162,1
232,parcel_00232.jpg,19,51,33,228.92,168.07,68.41,45.3,157,1
233,parcel_00233.jpg,21,46,60,82.41,155.04,75.45,79.76,142,1
234,parcel_00234.jpg,18,49,28,47.66,182.16,78.25,48.76,157,-1
235,parcel_00235.jpg,19,57,31,114.08,191.79,79.73,50.95,170,1
236,parcel_00236.jpg,85,16,15,75.76,196.49,124.79,16.94,157,1
237,parcel_00237.jpg,79,13,21,47.66,161.26,130.22,25.06,139,1
238,parcel_00238.jpg,81,45,24,167.37,202.57,169.32,38.34,166,-1
239,parcel_00239.jpg,90,13,23,20.77,185.49,171.58,43.01,156,-1
240,parcel_00240.jpg,75,35,17,55.4,157.25,161.62,28.31,146,-1
241,parcel_00241.jpg,52,64,26,37.91,182.57,142.89,43.13,173,-1
242,parcel_00242.jpg,83,26,38,127.28,188.81,141.42,46.32,172,-1
243,parcel_00243.jpg,54,26,41,136.64,160.09,118.11,62.85,147,-1
244,parcel_00244.jpg,87,65,34,169.56,200.18,176.01,43.25,155,1
245,parcel_00245.jpg,27,23,12,252.96,219.05,40.52,11.03,132,1
246,parcel_00246.jpg,84,41,46,84.77,152.07,196.52,93.0,148,1
247,parcel_00247.jpg,42,15,55,75.02,148.99,90.99,101.41,152,1
248,parcel_00248.jpg,31,18,16,94.92,209.35,77.14,29.54,160,1
249,parcel_00249.jpg,88,31,16,112.43,148.65,111.9,16.53,135,1
250,parcel_00250.jpg,26,38,20,238.31,187.07,57.12,23.24,172,1
251,parcel_00251.jpg,90,53,14,159.38,171.48,123.26,20.02,134,1
252,parcel_00252.jpg,43,46,38,203.82,180.0,95.73,50.34,146,-1
253,parcel_00253.jpg,69,53,32,203.47,167.62,141.0,49.4,148,-1
254,parcel_00254.jpg,75,30,26,27.19,176.93,125.55,32.08,160,-1
255,parcel_00255.jpg,72,40,29,44.44,165.56,178.98,63.66,146,1
256,parcel_00256.jpg,60,37,10,171.13,198.46,88.63,12.72,162,1
257,parcel_00257.jpg,44,61,29,21.56,178.96,115.03,52.35,171,-1
258,parcel_00258.jpg,84,66,41,69.17,187.43,133.43,48.16,172,1
259,parcel_00259.jpg,34,54,23,204.1,177.86,74.34,38.34,167,1
260,parcel_00260.jpg,60,24,23,91.95,206.44,106.8,35.87,173,1
261,parcel_00261.jpg,56,13,34,45.99,164.09,90.4,41.85,149,1
262,parcel_00262.jpg,55,70,14,97.53,175.01,140.3,37.13,170,1
263,parcel_00263.jpg,33,22,31,120.44,164.81,65.36,40.18,148,1
264,parcel_00264.jpg,46,53,16,77.14,189.4,80.65,23.74,132,-1
265,parcel_00265.jpg,33,16,45,132.62,167.29,65.24,56.04,153,-1
266,parcel_00266.jpg,63,64,54,142.35,146.9,190.08,100.42,152,1
267,parcel_00267.jpg,69,40,40,181.06,173.87,108.66,48.77,168,-1
268,parcel_00268.jpg,26,32,41,29.38,204.39,50.08,39.57,150,-1
269,parcel_00269.jpg,36,65,39,176.99,155.96,83.64,43.5,151,-1
270,parcel_00270.jpg,69,54,30,111.4,178.7,112.4,35.19,135,-1
271,parcel_00271.jpg,19,66,44,141.15,185.14,89.95,47.55,170,-1
272,parcel_00272.jpg,88,68,49,186.76,193.39,139.17,50.15,170,-1
273,parcel_00273.jpg,40,64,38,107.1,165.46,144.44,76.83,155,1
274,parcel_00274.jpg,42,66,55,236.81,168.07,113.81,68.57,149,-1
275,parcel_00275.jpg,46,65,12,112.66,209.72,107.69,20.77,170,-1
276,parcel_00276.jpg,79,54,55,86.12,149.93,139.8,78.87,134,1
277,parcel_00277.jpg,71,16,59,202.52,170.18,100.65,73.15,164,1
278,parcel_00278.jpg,25,12,16,33.42,212.55,44.95,21.01,134,-1
279,parcel_00279.jpg,26,19,31,78.65,145.67,51.0,40.09,130,1
280,parcel_00280.jpg,33,26,45,193.75,199.03,59.08,46.19,145,-1
281,parcel_00281.jpg,66,53,33,97.64,168.81,159.78,62.97,150,1
282,parcel_00282.jpg,84,50,27,33.47,187.31,214.39,57.4,161,1
283,parcel_00283.jpg,66,65,37,100.39,182.11,155.16,54.81,171,-1
284,parcel_00284.jpg,46,57,21,110.91,198.67,116.14,35.82,173,1
285,parcel_00285.jpg,30,20,37,311.76,157.57,46.72,44.78,143,1
286,parcel_00286.jpg,74,57,9,21.01,216.93,124.94,23.19,143,1
287,parcel_00287.jpg,22,30,15,179.5,175.29,62.87,24.76,149,1
288,parcel_00288.jpg,76,68,14,113.25,200.46,147.45,24.74,170,1
289,parcel_00289.jpg,24,25,46,66.21,161.81,66.28,81.51,151,-1
290,parcel_00290.jpg,23,61,20,122.54,152.64,69.48,32.33,141,-1
291,parcel_00291.jpg,42,65,19,128.32,193.41,144.19,40.21,160,1
292,parcel_00292.jpg,21,69,8,100.96,225.63,62.35,18.97,138,1
293,parcel_00293.jpg,89,42,36,72.31,163.06,118.89,41.11,134,1
294,parcel_00294.jpg,67,55,30,152.04,170.03,173.54,53.96,151,1
295,parcel_00295.jpg,45,48,18,226.07,153.73,98.95,34.16,147,-1
296,parcel_00296.jpg,54,38,12,154.92,186.85,91.98,19.49,162,-1
297,parcel_00297.jpg,51,26,46,58.65,181.38,100.05,53.88,173,1
298,parcel_00298.jpg,48,20,17,259.34,206.36,103.58,27.24,172,1
299,parcel_00299.jpg,88,53,22,163.54,191.32,199.44,41.55,133,1
300,parcel_00300.jpg,49,34,32,228.68,161.8,125.02,62.66,130,-1
301,parcel_00301.jpg,33,38,16,38.13,164.93,58.71,23.09,157,-1
302,parcel_00302.jpg,37,35,52,176.16,169.66,88.74,63.62,163,1
303,parcel_00303.jpg,80,34,9,152.63,221.93,179.04,20.82,149,1
304,parcel_00304.jpg,21,54,20,182.6,208.29,68.26,37.35,134,-1
305,parcel_00305.jpg,87,61,12,194.65,154.93,135.74,23.38,149,1
306,parcel_00306.jpg,39,53,20,97.52,194.29,104.82,29.54,147,-1
307,parcel_00307.jpg,65,50,22,57.1,196.52,147.4,39.31,156,1
308,parcel_00308.jpg,78,41,25,163.02,158.24,182.35,43.92,130,-1
309,parcel_00309.jpg,26,47,43,74.27,181.41,57.8,43.21,169,1
310,parcel_00310.jpg,57,44,32,36.3,174.3,113.45,37.24,168,1
311,parcel_00311.jpg,26,48,28,91.14,173.62,87.08,47.73,143,-1
312,parcel_00312.jpg,24,22,23,264.36,204.47,65.73,37.69,169,1
313,parcel_00313.jpg,19,23,12,239.07,202.59,53.71,19.55,153,1
314,parcel_00314.jpg,49,40,58,263.93,183.86,97.88,61.4,173,1
315,parcel_00315.jpg,36,48,16,204.42,194.52,78.59,19.25,167,1
316,parcel_00316.jpg,75,36,52,23.61,155.52,177.9,79.25,149,-1
317,parcel_00317.jpg,37,51,8,102.32,204.72,101.01,25.15,152,1
318,parcel_00318.jpg,41,29,35,22.31,174.08,75.31,40.38,134,1
319,parcel_00319.jpg,27,32,10,65.13,163.2,69.55,21.39,146,-1
320,parcel_00320.jpg,69,51,36,217.07,193.27,130.93,46.92,152,-1
321,parcel_00321.jpg,68,55,38,173.08,194.17,129.37,48.36,151,1
322,parcel_00322.jpg,76,20,39,100.12,193.58,126.68,51.14,158,-1
323,parcel_00323.jpg,20,41,15,308.48,193.17,42.64,17.93,164,-1
324,parcel_00324.jpg,77,59,10,134.29,168.45,131.35,21.41,155,1
325,parcel_00325.jpg,21,37,45,45.5,154.33,73.48,84.08,148,1
326,parcel_00326.jpg,70,56,15,40.53,176.3,114.85,20.06,146,1
327,parcel_00327.jpg,41,32,20,173.35,186.97,107.07,37.8,136,-1
328,parcel_00328.jpg,40,26,27,26.33,178.27,85.16,48.44,172,1
329,parcel_00329.jpg,39,56,45,128.47,159.3,119.24,77.06,142,-1
330,parcel_00330.jpg,88,16,9,123.5,220.66,107.6,11.32,145,1
331,parcel_00331.jpg,60,25,39,61.85,164.64,132.75,66.92,146,-1
332,parcel_00332.jpg,65,67,8,110.75,210.14,171.47,23.82,138,1
333,parcel_00333.jpg,37,39,19,82.76,197.47,107.39,35.17,160,1
334,parcel_00334.jpg,78,70,43,92.22,169.22,181.06,66.12,146,1
335,parcel_00335.jpg,48,54,19,114.19,167.12,137.26,40.22,148,1
336,parcel_00336.jpg,48,50,45,66.31,171.28,126.4,77.25,173,-1
337,parcel_00337.jpg,37,12,23,199.55,151.08,81.61,40.03,137,1
338,parcel_00338.jpg,61,38,47,208.02,185.27,105.43,56.11,148,-1
339,parcel_00339.jpg,66,63,19,20.17,177.63,148.96,38.02,134,1
340,parcel_00340.jpg,58,57,11,43.44,158.43,162.05,26.6,135,-1
341,parcel_00341.jpg,50,37,36,57.71,172.72,75.72,39.87,161,1
342,parcel_00342.jpg,86,25,26,33.45,177.88,123.75,28.45,144,1
343,parcel_00343.jpg,70,54,27,204.46,185.33,129.49,42.82,173,-1
344,parcel_00344.jpg,40,42,11,120.58,160.92,121.48,25.16,154,-1
345,parcel_00345.jpg,72,17,53,163.77,149.64,137.61,84.88,141,-1
346,parcel_00346.jpg,49,31,32,66.43,202.36,108.67,43.01,175,-1
347,parcel_00347.jpg,88,54,26,85.78,196.44,185.01,41.54,132,1
348,parcel_00348.jpg,70,63,20,254.4,178.32,108.56,28.05,139,-1
349,parcel_00349.jpg,85,64,47,87.07,159.62,210.36,79.43,139,1
350,parcel_00350.jpg,34,47,44,79.39,159.8,120.98,86.41,171,1
351,parcel_00351.jpg,89,56,57,132.45,151.89,184.56,100.98,161,-1
352,parcel_00352.jpg,21,29,30,158.35,166.48,38.6,31.18,138,-1
353,parcel_00353.jpg,55,70,45,119.9,159.9,120.11,74.48,149,1
354,parcel_00354.jpg,74,35,31,50.71,206.66,111.53,38.54,166,1
355,parcel_00355.jpg,42,17,46,294.72,184.03,62.39,38.46,135,1
356,parcel_00356.jpg,33,13,56,55.81,170.03,53.9,67.68,165,-1
357,parcel_00357.jpg,67,17,53,217.08,149.76,145.66,84.68,144,1
358,parcel_00358.jpg,70,44,45,232.02,167.07,110.49,54.75,162,1
359,parcel_00359.jpg,77,57,13,124.43,197.92,168.09,30.99,165,-1
360,parcel_00360.jpg,33,16,48,300.65,175.03,48.76,39.84,152,-1
361,parcel_00361.jpg,24,62,34,54.97,184.9,114.03,57.75,174,1
362,parcel_00362.jpg,90,42,54,141.93,175.92,120.88,59.36,140,1
363,parcel_00363.jpg,57,12,52,190.33,161.21,107.61,78.82,152,-1
364,parcel_00364.jpg,61,41,33,105.14,174.7,108.16,49.74,154,-1
365,parcel_00365.jpg,78,55,16,202.1,203.31,129.73,30.16,131,-1
366,parcel_00366.jpg,20,51,8,265.04,156.33,83.44,18.63,152,1
367,parcel_00367.jpg,44,68,13,96.79,140.06,94.29,21.9,135,-1
368,parcel_00368.jpg,76,15,17,235.59,184.22,122.1,18.67,158,1
369,parcel_00369.jpg,29,53,19,125.39,219.61,69.68,24.29,158,1
370,parcel_00370.jpg,88,66,48,162.99,166.54,197.18,81.81,163,-1
371,parcel_00371.jpg,68,36,48,53.4,144.44,94.23,56.55,137,-1
372,parcel_00372.jpg,18,35,50,222.97,140.94,81.03,102.77,135,1
373,parcel_00373.jpg,79,38,37,76.28,187.1,159.12,58.12,150,1
374,parcel_00374.jpg,41,36,35,245.52,180.42,77.3,42.58,173,1
375,parcel_00375.jpg,62,65,58,209.7,175.06,111.18,67.3,168,-1
376,parcel_00376.jpg,68,29,51,185.19,169.86,148.71,75.17,161,1
377,parcel_00377.jpg,62,52,32,42.77,213.9,111.7,30.5,157,1
378,parcel_00378.jpg,75,46,11,80.48,193.93,145.89,29.01,156,-1
379,parcel_00379.jpg,81,12,55,243.04,169.42,90.66,53.02,140,1
380,parcel_00380.jpg,76,18,11,237.58,188.08,98.29,17.23,153,1
381,parcel_00381.jpg,38,44,39,232.0,181.78,91.96,48.56,138,1
382,parcel_00382.jpg,56,49,29,111.76,186.03,111.96,37.48,153,-1
383,parcel_00383.jpg,80,23,36,133.43,187.48,147.52,42.68,133,1
384,parcel_00384.jpg,84,54,19,37.11,198.99,192.43,46.47,136,1
385,parcel_00385.jpg,36,59,60,45.84,142.1,114.38,112.08,153,-1
386,parcel_00386.jpg,85,48,27,30.28,183.43,145.52,36.41,172,1
387,parcel_00387.jpg,33,41,34,177.55,151.86,76.14,41.81,134,1
388,parcel_00388.jpg,82,41,37,183.83,165.33,177.1,45.79,143,1
389,parcel_00389.jpg,28,50,58,177.84,141.03,112.55,105.92,173,-1
390,parcel_00390.jpg,45,21,37,186.3,186.98,102.99,52.58,145,-1
391,parcel_00391.jpg,29,68,20,202.27,187.65,131.9,55.73,132,-1
392,parcel_00392.jpg,48,53,40,139.04,168.52,148.95,74.32,162,1
393,parcel_00393.jpg,75,24,11,129.26,167.46,162.22,24.39,140,1
394,parcel_00394.jpg,73,40,14,139.8,175.34,165.8,30.7,158,1
395,parcel_00395.jpg,69,56,53,171.04,157.59,172.81,89.04,170,1
396,parcel_00396.jpg,78,69,16,42.18,189.74,174.51,34.7,163,-1
397,parcel_00397.jpg,71,18,19,42.47,219.11,93.14,21.65,135,-1
398,parcel_00398.jpg,25,43,20,186.76,176.59,83.61,30.27,171,1
399,parcel_00399.jpg,72,55,30,65.33,202.0,114.21,27.58,133,-1
400,parcel_00400.jpg,76,33,43,123.96,179.33,146.68,49.04,159,1
401,parcel_00401.jpg,72,44,47,68.43,164.25,131.06,71.28,156,1
402,parcel_00402.jpg,88,26,40,188.0,144.25,151.54,57.93,135,-1
403,parcel_00403.jpg,86,24,23,169.41,194.2,187.43,46.65,162,-1
404,parcel_00404.jpg,46,33,10,48.03,220.79,69.03,12.57,152,1
405,parcel_00405.jpg,76,64,39,141.95,172.87,201.91,62.04,165,-1
406,parcel_00406.jpg,68,57,57,118.22,161.89,109.69,64.92,150,-1
407,parcel_00407.jpg,32,21,27,84.78,149.74,70.66,35.71,142,-1
408,parcel_00408.jpg,27,42,49,118.34,156.78,82.17,83.31,147,-1
409,parcel_00409.jpg,51,52,32,134.32,175.36,149.44,61.49,167,-1
410,parcel_00410.jpg,71,70,19,142.89,176.04,150.76,37.25,138,-1
411,parcel_00411.jpg,73,54,17,78.98,191.48,185.62,40.12,150,-1
412,parcel_00412.jpg,42,42,8,202.79,187.65,100.01,22.47,155,1
413,parcel_00413.jpg,32,28,17,277.63,221.34,55.56,17.13,160,1
414,parcel_00414.jpg,82,39,21,191.97,212.87,165.54,31.83,162,-1
415,parcel_00415.jpg,57,62,49,108.01,181.18,102.06,64.07,172,1
416,parcel_00416.jpg,54,35,8,222.4,185.13,100.35,16.96,134,-1
417,parcel_00417.jpg,45,43,16,205.95,175.49,98.65,33.46,156,1
418,parcel_00418.jpg,36,62,22,86.62,160.86,128.95,50.79,144,-1
419,parcel_00419.jpg,72,44,33,124.36,197.85,134.23,45.69,173,-1
420,parcel_00420.jpg,85,42,19,180.45,159.15,145.76,27.02,146,1
421,parcel_00421.jpg,22,25,41,159.23,155.5,61.07,59.08,134,-1
422,parcel_00422.jpg,25,14,18,281.23,192.79,43.44,16.93,150,1
423,parcel_00423.jpg,80,30,41,91.63,178.05,124.6,43.86,143,-1
424,parcel_00424.jpg,82,28,11,33.47,178.15,133.39,21.34,156,1
425,parcel_00425.jpg,56,57,14,218.13,223.89,87.94,20.89,159,1
426,parcel_00426.jpg,40,13,29,254.32,181.55,51.26,24.17,154,1
427,parcel_00427.jpg,80,32,9,140.52,217.54,170.77,26.32,135,1
428,parcel_00428.jpg,88,22,47,229.26,180.48,131.42,60.05,172,1
429,parcel_00429.jpg,24,40,19,180.92,214.22,52.51,19.73,162,1
430,parcel_00430.jpg,45,52,43,26.41,146.26,72.4,36.53,133,1
431,parcel_00431.jpg,59,25,38,150.84,173.34,133.92,58.02,168,-1
432,parcel_00432.jpg,39,49,23,201.11,175.35,76.22,31.13,171,1
433,parcel_00433.jpg,50,16,15,252.42,209.02,66.82,14.68,142,1
434,parcel_00434.jpg,85,53,24,73.79,181.47,208.42,44.41,170,1
435,parcel_00435.jpg,31,33,44,81.63,161.61,93.44,73.86,153,1
436,parcel_00436.jpg,24,34,47,34.73,171.51,74.87,61.16,162,1
437,parcel_00437.jpg,90,62,59,72.59,127.16,224.28,120.11,148,1
438,parcel_00438.jpg,18,60,56,53.06,196.04,48.96,49.29,155,1
439,parcel_00439.jpg,88,44,14,87.49,182.36,200.87,31.92,168,-1
440,parcel_00440.jpg,78,32,21,148.9,189.66,168.37,36.24,145,1
441,parcel_00441.jpg,87,30,34,198.91,173.42,128.63,48.12,138,-1
442,parcel_00442.jpg,66,42,39,214.97,182.61,125.65,52.57,153,-1
443,parcel_00443.jpg,63,46,44,116.35,161.6,163.57,74.07,143,-1
444,parcel_00444.jpg,33,45,50,129.05,184.59,57.62,40.33,173,1
445,parcel_00445.jpg,32,52,57,202.97,165.06,96.84,90.94,167,-1
446,parcel_00446.jpg,86,21,43,157.94,177.79,132.85,55.76,146,-1
447,parcel_00447.jpg,60,31,37,220.66,193.74,87.8,38.11,158,1
448,parcel_00448.jpg,39,19,23,233.87,180.04,70.43,33.18,146,1
449,parcel_00449.jpg,88,63,32,141.24,143.39,171.3,37.42,138,1
450,parcel_00450.jpg,76,31,46,66.34,164.7,187.31,86.27,175,1
451,parcel_00451.jpg,32,69,23,116.18,178.63,96.47,40.17,172,-1
452,parcel_00452.jpg,86,13,18,171.21,175.69,176.41,37.37,153,1
453,parcel_00453.jpg,54,51,28,225.92,176.16,109.99,41.7,151,1
454,parcel_00454.jpg,40,55,49,282.64,179.91,74.4,50.2,165,-1
455,parcel_00455.jpg,31,33,45,201.67,161.65,91.87,73.97,156,1
456,parcel_00456.jpg,67,26,46,135.01,186.06,107.94,50.94,163,1
457,parcel_00457.jpg,38,57,52,139.15,168.76,71.29,52.86,145,1
458,parcel_00458.jpg,41,30,11,250.31,209.59,107.82,27.22,174,1
459,parcel_00459.jpg,75,34,9,244.9,226.24,101.17,13.63,139,1
460,parcel_00460.jpg,35,36,42,214.11,155.12,74.61,45.73,149,-1
461,parcel_00461.jpg,18,17,33,298.11,156.41,49.25,52.09,131,1
462,parcel_00462.jpg,36,40,30,65.22,172.41,99.4,52.27,151,1
463,parcel_00463.jpg,65,58,31,185.05,186.22,174.67,56.49,159,-1
464,parcel_00464.jpg,18,33,18,164.41,195.88,52.6,25.33,164,1
465,parcel_00465.jpg,89,54,58,125.59,171.62,189.12,84.38,175,1
466,parcel_00466.jpg,43,62,51,82.87,173.39,76.31,41.94,162,-1
467,parcel_00467.jpg,29,32,36,137.64,172.54,54.4,32.49,135,-1
468,parcel_00468.jpg,26,35,39,217.3,147.24,89.94,69.36,141,-1
469,parcel_00469.jpg,21,66,30,31.28,200.33,92.83,40.05,153,-1
470,parcel_00470.jpg,89,24,54,223.05,177.4,121.9,64.82,132,1
471,parcel_00471.jpg,84,63,58,155.57,175.66,170.56,67.18,161,-1
472,parcel_00472.jpg,73,12,49,251.2,204.43,91.07,37.71,175,-1
473,parcel_00473.jpg,45,55,54,154.89,173.39,121.41,69.34,161,1
474,parcel_00474.jpg,89,59,18,177.61,185.92,162.22,35.26,139,-1
475,parcel_00475.jpg,32,61,34,111.85,168.68,133.46,70.93,160,1
476,parcel_00476.jpg,49,30,21,88.14,182.71,92.08,31.81,175,1
477,parcel_00477.jpg,36,48,50,166.02,137.59,120.13,103.57,132,-1
478,parcel_00478.jpg,55,64,32,204.44,178.01,146.23,58.13,169,-1
479,parcel_00479.jpg,34,67,9,202.78,137.76,101.74,22.45,130,1
480,parcel_00480.jpg,44,42,43,119.56,169.9,103.71,69.89,149,-1
481,parcel_00481.jpg,90,33,49,199.71,172.54,152.47,53.75,133,1
482,parcel_00482.jpg,56,20,11,50.88,195.03,121.2,21.56,140,-1
483,parcel_00483.jpg,86,51,15,117.42,218.35,125.62,21.83,174,-1
484,parcel_00484.jpg,30,42,12,185.22,191.24,62.69,19.1,173,1
485,parcel_00485.jpg,88,32,21,223.54,181.1,138.59,25.86,152,-1
486,parcel_00486.jpg,22,59,25,78.58,142.1,78.92,46.89,135,-1
487,parcel_00487.jpg,75,46,53,208.67,177.79,136.69,63.52,172,1
488,parcel_00488.jpg,64,21,49,121.52,172.97,145.33,76.48,171,1
489,parcel_00489.jpg,34,38,50,245.04,166.35,104.95,83.32,166,1
490,parcel_00490.jpg,33,29,48,68.6,172.48,79.45,58.0,155,-1
491,parcel_00491.jpg,72,63,54,166.81,156.16,179.25,95.36,160,1
492,parcel_00492.jpg,38,42,12,35.12,212.26,107.9,25.67,169,-1
493,parcel_00493.jpg,50,12,19,85.78,191.89,78.47,29.01,165,1
494,parcel_00494.jpg,54,69,41,127.26,175.72,110.88,62.98,164,-1
495,parcel_00495.jpg,34,22,32,298.87,160.79,64.54,44.84,140,1
496,parcel_00496.jpg,79,50,57,50.19,180.77,113.61,50.01,175,-1
497,parcel_00497.jpg,70,58,37,164.59,176.77,192.41,66.25,164,-1
498,parcel_00498.jpg,74,67,37,122.25,139.4,191.81,86.02,134,1
499,parcel_00499.jpg,56,21,8,66.31,225.93,121.69,17.63,153,-1
500,parcel_00500.jpg,84,39,55,26.08,160.3,194.13,82.01,151,-1
501,parcel_00501.jpg,46,36,20,211.99,210.33,77.67,21.36,161,-1
502,parcel_00502.jpg,86,22,57,25.29,152.99,184.15,85.59,148,1
503,parcel_00503.jpg,43,69,10,57.66,147.91,83.64,19.23,131,1
504,parcel_00504.jpg,42,33,41,80.38,166.87,74.58,49.49,149,1
505,parcel_00505.jpg,86,32,19,70.02,191.57,166.95,40.31,152,1
506,parcel_00506.jpg,60,56,32,190.15,182.55,141.63,53.27,139,1
507,parcel_00507.jpg,75,51,54,51.19,166.94,179.54,76.77,159,1
508,parcel_00508.jpg,84,20,36,48.82,154.33,123.04,48.19,137,-1
509,parcel_00509.jpg,81,62,48,118.32,172.64,137.61,60.43,165,-1
510,parcel_00510.jpg,68,27,23,208.49,160.34,119.94,29.75,153,-1
511,parcel_00511.jpg,24,17,45,100.83,178.65,34.26,34.53,170,-1
512,parcel_00512.jpg,74,53,36,88.26,187.33,153.32,54.4,151,-1
513,parcel_00513.jpg,84,28,58,168.72,145.5,192.86,110.5,142,-1
514,parcel_00514.jpg,68,61,37,45.11,156.81,142.31,53.64,134,-1
515,parcel_00515.jpg,89,22,30,58.56,182.83,165.58,38.22,147,1
516,parcel_00516.jpg,42,36,23,172.26,168.47,111.24,50.37,151,1
517,parcel_00517.jpg,36,59,48,219.51,158.37,114.56,76.3,153,1
518,parcel_00518.jpg,45,42,32,65.46,174.13,92.0,46.53,166,1
519,parcel_00519.jpg,46,26,56,25.9,155.0,81.63,55.21,145,-1
520,parcel_00520.jpg,49,66,25,106.82,173.12,140.58,55.71,144,1
521,parcel_00521.jpg,28,69,34,229.44,178.09,103.48,61.51,155,-1
522,parcel_00522.jpg,21,33,19,52.49,179.84,63.64,31.45,133,1
523,parcel_00523.jpg,43,17,30,202.89,175.35,94.41,47.94,130,1
524,parcel_00524.jpg,36,43,37,62.34,195.2,70.95,36.02,146,1
525,parcel_00525.jpg,60,60,47,71.62,165.82,162.09,76.58,140,1
526,parcel_00526.jpg,18,68,60,200.44,179.34,65.66,65.33,157,-1
527,parcel_00527.jpg,62,42,28,194.41,165.74,137.69,53.82,141,-1
528,parcel_00528.jpg,39,33,43,77.4,175.7,72.6,40.49,167,1
529,parcel_00529.jpg,90,66,35,182.92,189.4,121.99,44.66,169,1
530,parcel_00530.jpg,58,57,36,83.26,176.58,118.21,46.26,140,1
531,parcel_00531.jpg,66,53,39,53.13,179.21,170.44,63.58,148,-1
532,parcel_00532.jpg,81,12,49,95.03,177.22,175.03,70.49,175,1
533,parcel_00533.jpg,34,30,60,155.7,155.06,68.19,62.49,141,-1
534,parcel_00534.jpg,63,32,18,81.57,203.27,165.21,38.67,156,-1
535,parcel_00535.jpg,83,63,46,126.99,178.95,158.26,65.84,152,-1
536,parcel_00536.jpg,68,42,28,250.78,161.98,98.09,33.12,132,-1
537,parcel_00537.jpg,56,58,22,32.73,155.89,105.37,36.81,142,1
538,parcel_00538.jpg,73,38,12,47.08,135.35,118.27,21.76,131,-1
539,parcel_00539.jpg,84,61,25,150.13,176.64,136.09,30.85,168,-1
540,parcel_00540.jpg,84,60,40,195.45,161.16,113.88,41.92,143,-1
541,parcel_00541.jpg,74,51,50,40.87,149.36,158.32,65.11,143,1
542,parcel_00542.jpg,44,46,18,91.97,201.02,133.93,42.61,155,1
543,parcel_00543.jpg,57,33,24,184.58,140.5,123.89,33.14,136,1
544,parcel_00544.jpg,82,63,52,54.42,156.75,187.42,85.79,150,-1
545,parcel_00545.jpg,70,23,8,52.26,216.55,143.51,22.17,144,-1
546,parcel_00546.jpg,25,63,16,246.78,183.57,98.87,31.45,148,-1
547,parcel_00547.jpg,51,26,16,197.49,204.55,115.99,29.97,167,-1
548,parcel_00548.jpg,20,44,14,95.63,182.47,67.1,25.01,146,-1
549,parcel_00549.jpg,40,32,52,184.99,147.96,109.09,80.17,140,1
550,parcel_00550.jpg,34,64,54,108.28,172.23,99.68,75.63,171,1
551,parcel_00551.jpg,58,14,53,37.23,162.04,96.76,56.61,147,-1
552,parcel_00552.jpg,37,29,19,37.75,195.25,69.56,21.85,172,1
553,parcel_00553.jpg,54,51,33,181.03,180.96,90.06,32.69,146,-1
554,parcel_00554.jpg,58,40,38,101.88,169.75,95.32,37.87,154,-1
555,parcel_00555.jpg,33,34,53,80.5,181.78,62.84,63.99,170,-1
556,parcel_00556.jpg,55,44,44,100.03,172.68,138.43,66.25,135,1
557,parcel_00557.jpg,76,40,46,128.12,168.51,197.92,76.96,140,-1
558,parcel_00558.jpg,60,33,41,84.47,182.18,102.55,52.49,143,-1
559,parcel_00559.jpg,53,70,41,246.16,184.84,91.02,39.42,173,-1
560,parcel_00560.jpg,66,24,42,139.09,146.93,163.78,86.32,134,-1
561,parcel_00561.jpg,55,55,8,161.29,212.67,115.81,16.75,154,1
562,parcel_00562.jpg,28,43,39,90.15,187.34,70.06,58.15,159,-1
563,parcel_00563.jpg,85,54,30,145.31,205.67,128.19,38.34,153,1
564,parcel_00564.jpg,61,14,40,152.04,160.87,136.28,70.23,141,-1
565,parcel_00565.jpg,18,28,55,69.93,157.81,59.94,91.87,157,-1
566,parcel_00566.jpg,18,27,37,49.75,183.44,56.46,61.93,169,-1
567,parcel_00567.jpg,89,17,46,171.24,158.32,176.95,86.55,140,1
568,parcel_00568.jpg,22,15,56,285.72,177.88,32.5,52.04,173,1
569,parcel_00569.jpg,75,55,21,122.54,171.26,102.67,20.16,166,-1
570,parcel_00570.jpg,67,42,15,107.76,193.74,145.81,30.14,155,1
571,parcel_00571.jpg,45,17,17,292.99,161.07,70.01,18.32,142,1
572,parcel_00572.jpg,73,54,8,27.46,181.72,113.28,16.9,132,-1
573,parcel_00573.jpg,62,38,21,232.17,213.82,103.87,28.44,138,1
574,parcel_00574.jpg,52,35,42,233.77,171.74,127.99,61.99,130,-1
575,parcel_00575.jpg,87,25,34,205.68,184.95,114.64,36.73,155,-1
576,parcel_00576.jpg,37,40,37,119.43,194.77,88.31,41.62,173,-1
577,parcel_00577.jpg,45,44,27,121.53,184.61,88.61,33.28,172,-1
578,parcel_00578.jpg,25,20,15,214.57,183.53,57.01,25.16,145,1
579,parcel_00579.jpg,85,58,59,169.02,171.23,172.41,72.81,164,-1
580,parcel_00580.jpg,56,23,42,226.97,170.71,107.12,64.01,140,1
581,parcel_00581.jpg,77,46,9,85.17,182.05,167.35,26.7,171,-1
582,parcel_00582.jpg,65,32,17,86.44,179.21,105.85,28.3,169,1
583,parcel_00583.jpg,71,32,50,37.6,159.56,149.97,81.57,144,-1
584,parcel_00584.jpg,51,67,49,255.2,177.23,107.87,54.34,161,1
585,parcel_00585.jpg,54,43,50,185.23,196.12,102.6,45.61,171,1
586,parcel_00586.jpg,69,35,13,130.34,204.84,94.93,21.04,139,1
587,parcel_00587.jpg,56,34,22,229.96,178.28,116.1,40.58,138,1
588,parcel_00588.jpg,78,30,11,45.63,214.32,119.44,17.29,135,1
589,parcel_00589.jpg,23,33,39,250.6,149.9,76.9,57.27,133,1
590,parcel_00590.jpg,72,52,57,83.96,143.71,141.88,70.09,135,1
591,parcel_00591.jpg,51,55,17,145.02,206.78,107.79,31.23,151,-1
592,parcel_00592.jpg,48,50,8,186.32,228.32,85.67,10.68,140,1
593,parcel_00593.jpg,87,31,37,184.55,172.88,144.24,50.29,168,1
594,parcel_00594.jpg,62,44,24,200.27,154.04,141.26,48.15,133,-1
595,parcel_00595.jpg,67,34,17,157.6,183.02,134.78,35.0,154,-1
596,parcel_00596.jpg,89,60,31,24.93,143.72,205.8,51.13,135,1
597,parcel_00597.jpg,80,18,45,50.75,165.19,157.71,71.4,154,-1
598,parcel_00598.jpg,90,41,60,122.55,148.88,220.03,105.15,174,1
599,parcel_00599.jpg,78,15,8,61.65,202.8,170.59,18.1,162,1
600,parcel_00600.jpg,54,60,49,142.92,153.66,159.58,83.66,135,1
601,parcel_00601.jpg,19,62,40,250.39,172.88,77.16,48.99,148,1
602,parcel_00602.jpg,52,27,30,59.94,174.92,136.79,42.73,165,1
603,parcel_00603.jpg,45,64,35,95.03,159.21,138.67,62.35,131,1
604,parcel_00604.jpg,78,50,60,210.82,173.99,148.36,81.41,175,-1
605,parcel_00605.jpg,82,32,44,133.93,160.49,192.79,76.59,152,1
606,parcel_00606.jpg,80,55,11,120.64,201.67,154.74,28.9,145,-1
607,parcel_00607.jpg,57,27,36,74.86,170.97,149.53,75.1,167,1
608,parcel_00608.jpg,80,38,52,42.5,153.79,188.74,99.64,152,1
609,parcel_00609.jpg,68,48,50,168.79,176.95,123.22,58.39,154,1
610,parcel_00610.jpg,36,60,27,141.21,210.38,66.23,25.34,154,-1
611,parcel_00611.jpg,68,22,9,224.72,219.78,86.85,12.57,146,1
612,parcel_00612.jpg,80,17,23,162.49,200.44,177.49,40.04,175,1
613,parcel_00613.jpg,28,48,40,85.11,199.89,62.94,45.51,131,1
614,parcel_00614.jpg,66,46,37,92.31,142.36,118.19,44.67,130,-1
615,parcel_00615.jpg,57,24,20,74.15,177.99,109.01,37.69,136,-1
616,parcel_00616.jpg,52,25,42,234.72,205.09,67.92,35.62,162,1
617,parcel_00617.jpg,25,35,13,37.99,171.04,69.91,24.61,133,1
618,parcel_00618.jpg,68,52,50,24.38,156.39,180.14,99.61,155,1
619,parcel_00619.jpg,46,66,55,55.34,146.13,125.63,72.81,139,1
620,parcel_00620.jpg,66,53,35,141.33,146.18,133.76,40.96,141,1
621,parcel_00621.jpg,36,34,57,36.38,174.58,86.84,81.42,171,1
622,parcel_00622.jpg,73,39,30,109.25,160.66,108.66,26.86,146,1
623,parcel_00623.jpg,39,54,42,186.19,190.5,97.17,53.36,150,1
624,parcel_00624.jpg,55,17,49,235.0,176.85,103.51,58.81,152,-1
625,parcel_00625.jpg,74,29,25,246.44,197.36,104.9,25.16,157,-1
626,parcel_00626.jpg,45,49,57,24.7,153.24,132.97,102.76,169,-1
627,parcel_00627.jpg,87,51,8,23.69,169.1,118.13,16.33,165,-1
628,parcel_00628.jpg,39,63,43,125.42,163.16,117.71,66.34,150,-1
629,parcel_00629.jpg,89,52,8,161.85,177.58,192.81,23.7,167,-1
630,parcel_00630.jpg,69,26,57,105.24,163.9,165.16,92.1,170,-1
631,parcel_00631.jpg,86,27,28,43.11,193.06,166.49,45.92,158,-1
632,parcel_00632.jpg,45,17,20,115.62,163.51,89.88,36.3,153,1
633,parcel_00633.jpg,43,48,45,83.7,160.53,93.91,73.69,156,-1
634,parcel_00634.jpg,76,54,21,187.02,196.75,166.44,36.31,162,-1
635,parcel_00635.jpg,86,26,9,80.27,217.86,105.9,11.22,136,1
636,parcel_00636.jpg,53,16,39,264.62,209.22,72.56,32.14,142,1
637,parcel_00637.jpg,83,55,42,103.98,175.28,144.98,51.4,171,1
638,parcel_00638.jpg,22,34,40,160.93,178.66,47.93,50.5,174,-1
639,parcel_00639.jpg,42,38,47,112.48,155.08,91.75,76.15,147,1
640,parcel_00640.jpg,68,47,18,162.26,197.05,172.1,48.2,171,-1
641,parcel_00641.jpg,88,48,32,52.24,178.13,172.43,60.55,168,1
642,parcel_00642.jpg,80,33,33,100.87,166.84,112.3,32.39,153,1
643,parcel_00643.jpg,72,17,48,47.81,188.01,83.81,38.78,142,1
644,parcel_00644.jpg,62,19,12,203.26,193.92,130.55,25.35,148,-1
645,parcel_00645.jpg,86,52,16,135.57,193.84,166.38,35.52,136,-1
646,parcel_00646.jpg,74,12,19,229.07,191.58,129.78,26.05,169,-1
647,parcel_00647.jpg,67,16,54,176.7,141.99,147.24,102.9,135,1
648,parcel_00648.jpg,43,68,28,124.22,158.44,159.94,65.39,139,1
649,parcel_00649.jpg,63,50,31,127.71,159.33,152.04,52.35,153,-1
650,parcel_00650.jpg,43,44,52,58.46,141.79,135.18,102.1,131,-1
651,parcel_00651.jpg,78,64,36,149.24,175.25,183.8,57.54,166,1
652,parcel_00652.jpg,71,40,40,179.0,153.44,174.38,79.23,147,-1
653,parcel_00653.jpg,47,68,52,66.52,156.95,118.47,82.26,132,1
654,parcel_00654.jpg,79,65,55,61.71,176.8,125.4,68.43,167,-1
655,parcel_00655.jpg,62,58,19,136.98,146.81,195.66,60.45,142,-1
656,parcel_00656.jpg,28,31,27,174.37,192.24,47.04,23.4,161,1
657,parcel_00657.jpg,54,50,41,237.78,154.04,84.33,30.95,143,1
658,parcel_00658.jpg,59,34,49,139.96,173.08,125.9,70.34,141,1
659,parcel_00659.jpg,81,36,50,169.91,178.54,171.32,76.38,175,1
660,parcel_00660.jpg,49,41,17,98.44,190.24,121.38,38.79,149,-1
661,parcel_00661.jpg,72,24,30,157.25,158.85,143.4,49.5,144,1
662,parcel_00662.jpg,47,43,25,241.64,187.74,103.45,47.01,132,1
663,parcel_00663.jpg,31,54,38,125.85,189.64,77.07,45.09,170,-1
664,parcel_00664.jpg,28,34,24,147.4,142.22,94.65,43.32,130,1
665,parcel_00665.jpg,68,60,12,145.51,178.36,128.6,20.64,149,-1
666,parcel_00666.jpg,60,14,32,261.15,216.12,71.24,28.68,133,1
667,parcel_00667.jpg,19,42,22,119.16,186.65,69.9,44.41,160,-1
668,parcel_00668.jpg,27,29,48,300.12,184.29,48.49,56.08,156,1
669,parcel_00669.jpg,86,25,27,182.08,189.92,129.57,36.75,173,-1
670,parcel_00670.jpg,50,16,39,239.52,168.88,95.54,58.78,157,-1
671,parcel_00671.jpg,87,53,12,153.47,200.9,178.06,31.25,151,-1
672,parcel_00672.jpg,73,33,21,173.73,216.3,130.27,28.21,169,-1
673,parcel_00673.jpg,18,53,46,161.65,161.77,86.94,68.55,140,1
674,parcel_00674.jpg,59,29,19,245.09,182.94,89.89,19.85,140,1
675,parcel_00675.jpg,79,61,52,27.6,156.26,189.1,92.01,155,-1
676,parcel_00676.jpg,73,56,24,80.43,162.65,183.53,49.8,146,-1
677,parcel_00677.jpg,85,31,12,58.77,215.56,167.84,23.97,153,-1
678,parcel_00678.jpg,38,49,32,59.37,200.48,63.82,36.05,163,1
679,parcel_00679.jpg,64,34,33,162.57,209.88,117.78,32.96,167,-1
680,parcel_00680.jpg,62,52,23,68.69,155.72,114.85,33.91,151,1
681,parcel_00681.jpg,23,18,42,295.11,170.4,56.49,58.7,160,-1
682,parcel_00682.jpg,27,33,32,113.75,193.83,47.85,27.73,169,1
683,parcel_00683.jpg,70,44,26,136.16,193.1,164.58,45.79,161,1
684,parcel_00684.jpg,43,36,53,172.33,150.17,112.42,96.53,147,1
685,parcel_00685.jpg,72,17,34,111.23,175.8,117.56,54.1,153,-1
686,parcel_00686.jpg,88,59,60,139.15,172.95,199.87,83.05,171,1
687,parcel_00687.jpg,23,44,13,146.43,204.54,75.42,28.71,159,1
688,parcel_00688.jpg,65,46,21,24.77,187.58,101.78,24.11,156,1
689,parcel_00689.jpg,33,62,18,79.39,188.98,79.56,29.3,163,-1
690,parcel_00690.jpg,29,59,45,283.87,149.92,70.32,53.86,145,-1
691,parcel_00691.jpg,62,53,49,105.99,157.12,168.44,86.45,130,-1
692,parcel_00692.jpg,37,31,28,208.01,194.76,72.59,30.81,147,1
693,parcel_00693.jpg,75,45,40,188.96,173.55,153.18,59.24,135,1
694,parcel_00694.jpg,79,31,23,24.06,160.44,170.4,50.36,146,1
695,parcel_00695.jpg,25,42,15,167.24,166.53,53.97,20.48,131,-1
696,parcel_00696.jpg,85,39,46,59.76,188.96,117.09,54.53,130,1
697,parcel_00697.jpg,48,18,49,86.4,167.31,64.63,44.4,144,-1
698,parcel_00698.jpg,58,32,56,179.37,155.04,133.6,87.81,150,-1
699,parcel_00699.jpg,51,17,10,76.56,164.67,90.69,13.26,149,1
700,parcel_00700.jpg,33,42,14,96.97,148.14,76.9,23.83,143,-1
701,parcel_00701.jpg,62,23,59,62.93,174.57,85.44,65.13,165,1
702,parcel_00702.jpg,58,22,13,173.37,222.64,101.63,20.65,161,1
703,parcel_00703.jpg,54,44,34,182.92,174.66,95.31,40.52,132,1
704,parcel_00704.jpg,89,20,13,58.51,189.13,104.78,12.36,165,-1
705,parcel_00705.jpg,58,20,43,96.37,172.11,123.22,68.57,163,-1
706,parcel_00706.jpg,88,67,31,80.43,159.28,180.13,49.0,131,1
707,parcel_00707.jpg,42,54,24,245.26,173.05,89.66,32.69,140,1
708,parcel_00708.jpg,47,34,33,42.8,146.14,90.26,44.86,134,1
709,parcel_00709.jpg,18,40,26,266.51,134.87,68.52,44.14,130,-1
710,parcel_00710.jpg,46,46,10,73.83,166.7,125.77,28.87,157,-1
711,parcel_00711.jpg,26,38,53,67.67,170.76,67.45,65.16,142,-1
712,parcel_00712.jpg,56,51,33,169.4,178.6,125.1,53.29,155,-1
713,parcel_00713.jpg,57,27,36,264.55,189.71,95.57,50.42,137,1
714,parcel_00714.jpg,34,44,10,67.74,216.44,69.34,17.42,132,-1
715,parcel_00715.jpg,69,57,53,130.41,170.84,125.31,73.22,165,-1
716,parcel_00716.jpg,61,36,8,124.63,201.61,97.19,13.84,149,1
717,parcel_00717.jpg,87,23,22,145.67,188.28,141.53,28.69,165,-1
718,parcel_00718.jpg,59,50,32,33.61,179.45,97.88,30.07,137,1
719,parcel_00719.jpg,51,35,29,72.89,160.37,93.17,41.63,152,-1
720,parcel_00720.jpg,47,28,16,184.6,182.55,123.63,38.07,173,-1
721,parcel_00721.jpg,59,44,20,90.18,178.07,175.31,44.26,145,1
722,parcel_00722.jpg,72,14,34,154.02,186.73,115.04,49.7,165,-1
723,parcel_00723.jpg,50,26,42,207.79,171.44,123.97,71.64,158,-1
724,parcel_00724.jpg,86,30,55,195.24,173.95,150.14,61.28,151,-1
725,parcel_00725.jpg,54,63,21,165.93,201.63,125.98,38.37,154,-1
726,parcel_00726.jpg,23,47,59,274.64,171.32,49.35,60.36,143,1
727,parcel_00727.jpg,40,60,38,188.16,203.51,92.3,41.64,154,1
728,parcel_00728.jpg,22,57,13,198.61,216.37,81.82,25.32,169,1
729,parcel_00729.jpg,54,38,34,150.04,185.18,100.61,50.37,133,-1
730,parcel_00730.jpg,49,32,9,83.34,180.8,72.68,11.17,174,-1
731,parcel_00731.jpg,54,45,52,66.24,169.43,119.37,73.93,163,-1
732,parcel_00732.jpg,30,13,12,188.69,191.34,59.3,18.71,139,1
733,parcel_00733.jpg,71,19,36,93.11,191.38,112.98,42.4,151,1
734,parcel_00734.jpg,32,55,16,44.41,199.77,64.36,21.01,171,-1
735,parcel_00735.jpg,29,34,34,276.25,163.05,63.51,49.4,145,-1
736,parcel_00736.jpg,37,20,37,40.23,195.1,71.6,45.38,172,1
737,parcel_00737.jpg,89,60,21,98.73,178.29,225.38,46.61,162,-1
738,parcel_00738.jpg,37,70,59,69.04,150.23,146.93,105.77,168,1
739,parcel_00739.jpg,61,62,56,78.48,159.44,133.13,82.81,154,1
740,parcel_00740.jpg,80,30,21,155.19,174.24,148.72,38.06,159,1
741,parcel_00741.jpg,63,24,57,53.66,140.92,78.56,58.15,136,-1
742,parcel_00742.jpg,87,16,41,129.37,169.71,143.11,63.84,155,-1
743,parcel_00743.jpg,22,66,52,298.17,191.0,64.79,44.28,175,-1
744,parcel_00744.jpg,57,45,49,88.28,145.05,167.92,99.94,140,-1
745,parcel_00745.jpg,44,45,18,219.11,216.58,126.02,29.07,172,1
746,parcel_00746.jpg,32,47,16,129.84,207.33,88.4,24.58,171,1
747,parcel_00747.jpg,66,53,16,119.4,174.34,150.1,37.32,149,1
748,parcel_00748.jpg,21,18,15,197.99,229.53,34.43,13.72,146,-1
749,parcel_00749.jpg,47,64,25,253.63,193.53,104.2,39.67,160,-1
750,parcel_00750.jpg,25,50,12,258.71,182.29,54.46,18.44,154,-1
751,parcel_00751.jpg,73,56,12,39.16,208.46,154.17,25.63,167,-1
752,parcel_00752.jpg,76,70,11,144.51,184.11,120.01,21.98,172,1
753,parcel_00753.jpg,38,43,41,159.92,196.12,69.93,39.93,140,1
754,parcel_00754.jpg,84,43,50,124.17,160.55,123.17,47.83,147,-1
755,parcel_00755.jpg,90,54,58,30.15,154.87,207.48,93.37,151,1
756,parcel_00756.jpg,66,22,43,227.22,155.86,117.85,62.07,143,1
757,parcel_00757.jpg,31,38,10,78.3,217.72,64.43,16.32,151,1
758,parcel_00758.jpg,52,16,22,158.55,198.35,86.99,26.46,134,-1
759,parcel_00759.jpg,20,28,18,114.06,178.8,41.3,16.17,170,-1
760,parcel_00760.jpg,25,20,60,272.72,160.87,75.22,95.13,166,1
761,parcel_00761.jpg,55,30,44,220.8,165.55,86.02,40.96,143,1
762,parcel_00762.jpg,42,25,53,201.16,153.87,101.64,68.31,138,-1
763,parcel_00763.jpg,32,20,22,67.31,178.01,59.28,25.99,151,-1
764,parcel_00764.jpg,72,13,58,162.21,173.56,107.74,72.13,164,-1
765,parcel_00765.jpg,60,54,23,100.13,173.31,115.33,34.82,145,-1
766,parcel_00766.jpg,19,37,18,314.17,177.19,45.49,18.03,144,1
767,parcel_00767.jpg,38,29,12,79.92,141.86,97.44,25.67,134,1
768,parcel_00768.jpg,45,54,53,24.34,130.95,158.95,115.38,149,-1
769,parcel_00769.jpg,18,54,50,40.04,145.82,80.68,88.76,138,-1
770,parcel_00770.jpg,36,47,49,69.1,172.18,69.06,61.6,137,1
771,parcel_00771.jpg,30,58,44,33.97,167.71,100.06,76.43,159,-1
772,parcel_00772.jpg,73,66,60,153.19,165.5,150.23,76.6,160,1
773,parcel_00773.jpg,82,60,42,186.47,183.85,137.13,47.03,171,1
774,parcel_00774.jpg,19,30,28,141.11,162.1,40.77,23.89,142,-1
775,parcel_00775.jpg,25,14,33,293.73,179.32,55.19,40.07,161,-1
776,parcel_00776.jpg,38,23,11,210.86,214.95,105.09,26.41,144,-1
777,parcel_00777.jpg,29,58,10,247.99,182.29,80.9,22.75,137,-1
778,parcel_00778.jpg,90,19,54,144.35,148.58,187.7,99.84,161,-1
779,parcel_00779.jpg,27,45,27,213.75,162.23,74.29,45.03,140,1
780,parcel_00780.jpg,74,33,46,101.8,185.7,136.2,55.88,152,-1
781,parcel_00781.jpg,36,32,49,57.01,171.32,78.69,64.19,135,1
782,parcel_00782.jpg,74,60,28,31.16,139.0,173.47,55.85,130,-1
783,parcel_00783.jpg,41,68,20,108.7,202.66,89.23,31.45,156,-1
784,parcel_00784.jpg,39,20,17,271.23,177.53,87.55,27.07,159,-1
785,parcel_00785.jpg,67,33,38,203.19,180.22,110.24,48.33,149,-1
786,parcel_00786.jpg,51,33,53,100.87,146.55,137.36,97.78,141,-1
787,parcel_00787.jpg,33,40,31,159.59,178.48,60.18,31.89,164,1
788,parcel_00788.jpg,78,13,48,103.54,156.05,168.09,74.79,150,-1
789,parcel_00789.jpg,38,16,44,71.83,154.76,93.53,83.6,139,-1
790,parcel_00790.jpg,71,33,58,22.04,149.42,174.34,90.86,142,-1
791,parcel_00791.jpg,53,55,14,151.39,157.59,92.22,24.34,149,1
792,parcel_00792.jpg,50,63,21,141.77,181.45,81.58,26.93,137,1
793,parcel_00793.jpg,86,68,32,123.26,179.14,204.26,64.93,141,-1
794,parcel_00794.jpg,29,46,51,80.48,173.34,98.77,67.85,141,1
795,parcel_00795.jpg,88,51,38,67.13,164.59,196.36,68.12,131,-1
796,parcel_00796.jpg,51,13,14,249.45,175.89,73.56,16.62,135,-1
797,parcel_00797.jpg,36,33,42,138.31,157.11,68.08,55.18,151,1
798,parcel_00798.jpg,28,47,59,164.29,167.26,73.29,77.9,159,1
799,parcel_00799.jpg,55,50,44,147.51,165.35,139.06,60.03,135,-1
800,parcel_00800.jpg,73,70,26,39.03,163.91,129.27,45.22,131,1
801,parcel_00801.jpg,82,48,48,41.79,155.93,196.52,87.72,151,-1
802,parcel_00802.jpg,46,19,24,256.18,201.45,104.09,39.49,139,1
803,parcel_00803.jpg,53,32,23,68.62,183.68,116.51,36.75,167,1
804,parcel_00804.jpg,50,61,28,175.1,187.36,130.17,45.92,174,1
805,parcel_00805.jpg,62,12,48,54.01,184.51,95.67,57.97,150,1
806,parcel_00806.jpg,74,39,15,124.03,152.58,163.3,30.96,134,1
807,parcel_00807.jpg,78,34,60,162.79,175.4,152.27,80.6,173,1
808,parcel_00808.jpg,42,33,18,107.14,200.5,101.71,34.2,168,-1
809,parcel_00809.jpg,83,55,40,79.2,172.78,166.19,68.23,147,-1
810,parcel_00810.jpg,47,22,60,111.57,162.59,66.17,46.05,138,-1
811,parcel_00811.jpg,89,66,33,166.13,157.75,195.68,55.73,147,-1
812,parcel_00812.jpg,57,42,20,96.18,187.87,159.35,38.32,138,-1
813,parcel_00813.jpg,52,50,27,126.4,185.2,148.19,51.12,145,1
814,parcel_00814.jpg,85,28,23,27.26,212.64,153.67,32.8,147,1
815,parcel_00815.jpg,72,33,41,152.36,161.95,172.56,85.35,160,1
816,parcel_00816.jpg,26,49,38,269.64,155.74,74.96,54.17,132,-1
817,parcel_00817.jpg,79,23,26,156.32,170.85,172.14,57.77,140,-1
818,parcel_00818.jpg,75,32,24,167.31,184.16,176.42,54.32,174,1
819,parcel_00819.jpg,56,68,24,227.01,202.3,85.0,26.41,136,1
820,parcel_00820.jpg,81,57,23,149.57,197.04,184.93,46.91,162,-1
821,parcel_00821.jpg,63,20,10,254.66,232.48,80.98,10.23,139,1
822,parcel_00822.jpg,50,43,53,188.29,162.6,132.3,77.54,139,-1
823,parcel_00823.jpg,30,61,25,125.0,171.44,95.83,49.48,130,1
824,parcel_00824.jpg,57,62,59,35.34,189.85,101.8,53.52,160,1
825,parcel_00825.jpg,22,52,20,167.16,177.26,54.33,28.09,153,1
826,parcel_00826.jpg,31,64,14,165.23,158.8,117.1,39.8,138,-1
827,parcel_00827.jpg,18,45,32,228.28,179.94,66.74,41.99,142,-1
828,parcel_00828.jpg,38,58,31,143.57,165.01,64.41,28.3,156,-1
829,parcel_00829.jpg,21,31,23,46.68,189.56,61.18,38.15,172,-1
830,parcel_00830.jpg,68,23,48,142.55,165.12,154.98,79.35,161,-1
831,parcel_00831.jpg,47,29,52,106.33,178.53,90.6,64.05,174,-1
832,parcel_00832.jpg,25,15,23,285.02,181.48,63.86,35.46,172,1
833,parcel_00833.jpg,81,33,14,49.42,166.36,124.28,20.06,138,1
834,parcel_00834.jpg,78,64,35,101.19,194.63,152.76,50.01,148,1
835,parcel_00835.jpg,82,37,46,63.69,154.84,180.55,87.25,141,1
836,parcel_00836.jpg,33,32,44,239.76,177.92,88.78,66.81,147,-1
837,parcel_00837.jpg,47,17,12,205.6,150.96,78.16,14.94,137,-1
838,parcel_00838.jpg,77,30,25,27.64,191.03,125.32,29.19,167,1
839,parcel_00839.jpg,45,18,33,39.5,197.75,80.4,34.71,170,-1
840,parcel_00840.jpg,59,44,25,38.41,187.09,95.96,33.9,142,1
841,parcel_00841.jpg,18,48,22,88.58,195.63,72.5,40.86,140,1
842,parcel_00842.jpg,47,34,18,190.78,167.54,82.26,25.31,147,1
843,parcel_00843.jpg,84,32,50,155.43,167.01,196.76,88.99,168,1
844,parcel_00844.jpg,27,36,60,255.87,137.07,97.67,112.85,140,1
845,parcel_00845.jpg,20,33,36,121.46,176.63,73.01,67.71,172,-1
846,parcel_00846.jpg,86,13,54,188.81,186.59,100.58,38.34,149,-1
847,parcel_00847.jpg,25,69,51,253.37,169.52,86.62,77.25,168,1
848,parcel_00848.jpg,77,47,43,33.99,178.54,172.59,60.37,172,-1
849,parcel_00849.jpg,47,42,20,188.77,194.55,99.14,31.31,130,1
850,parcel_00850.jpg,77,17,44,42.73,180.23,90.86,31.92,142,1
851,parcel_00851.jpg,77,44,33,192.23,153.51,121.9,36.22,143,1
852,parcel_00852.jpg,64,68,50,23.97,153.04,186.22,93.15,158,-1
853,parcel_00853.jpg,51,56,51,56.57,142.77,150.06,74.56,134,1
854,parcel_00854.jpg,18,32,44,88.14,170.27,54.73,73.12,165,1
855,parcel_00855.jpg,27,30,57,59.6,151.86,69.18,94.99,162,-1
856,parcel_00856.jpg,75,58,12,33.59,179.61,206.38,31.73,164,-1
857,parcel_00857.jpg,50,69,60,94.03,151.34,107.0,62.73,132,1
858,parcel_00858.jpg,76,30,40,145.44,173.87,147.16,59.74,144,1
859,parcel_00859.jpg,88,14,55,92.73,134.44,134.72,58.7,130,-1
860,parcel_00860.jpg,79,67,44,134.07,165.54,143.04,46.32,131,-1
861,parcel_00861.jpg,42,61,32,119.53,175.14,105.46,45.06,147,1
862,parcel_00862.jpg,47,42,38,217.42,161.71,105.16,54.2,140,-1
863,parcel_00863.jpg,23,57,35,100.22,158.75,116.05,84.43,144,-1
864,parcel_00864.jpg,62,68,52,140.06,164.62,107.67,64.7,142,-1
865,parcel_00865.jpg,64,44,31,146.29,171.58,125.16,47.61,164,-1
866,parcel_00866.jpg,57,66,30,206.71,193.62,127.54,52.07,141,1
867,parcel_00867.jpg,29,62,47,217.7,181.97,56.5,48.84,173,-1
868,parcel_00868.jpg,64,22,25,181.3,216.81,93.56,26.42,146,-1
869,parcel_00869.jpg,75,24,50,155.59,164.49,96.55,39.45,133,1
870,parcel_00870.jpg,25,12,17,107.17,203.26,61.75,34.67,153,-1
871,parcel_00871.jpg,24,36,48,149.68,163.21,68.35,83.81,161,1
872,parcel_00872.jpg,62,43,20,140.45,170.21,141.85,36.67,162,1
873,parcel_00873.jpg,39,15,17,240.73,190.55,78.01,24.05,131,1
874,parcel_00874.jpg,35,25,51,232.44,169.25,65.44,61.74,164,-1
875,parcel_00875.jpg,60,15,23,253.57,201.38,84.23,26.95,148,-1
876,parcel_00876.jpg,18,29,18,85.45,196.55,36.45,23.29,163,1
877,parcel_00877.jpg,20,27,48,103.95,188.93,47.67,50.11,132,-1
878,parcel_00878.jpg,21,63,54,43.27,171.54,49.83,58.48,141,1
879,parcel_00879.jpg,85,32,58,64.38,138.47,196.16,104.93,134,-1
880,parcel_00880.jpg,26,31,37,29.95,166.71,58.66,44.34,161,-1
881,parcel_00881.jpg,64,17,8,51.26,213.39,90.78,14.32,145,1
882,parcel_00882.jpg,53,34,15,209.26,206.38,107.52,30.61,147,-1
883,parcel_00883.jpg,64,57,39,194.15,155.86,129.58,49.61,148,-1
884,parcel_00884.jpg,64,17,51,221.95,177.79,109.42,63.79,170,1
885,parcel_00885.jpg,63,42,17,191.24,179.47,139.38,28.27,144,1
886,parcel_00886.jpg,71,59,52,109.17,146.93,199.76,105.85,148,-1
887,parcel_00887.jpg,22,64,17,210.58,180.14,58.35,19.89,175,-1
888,parcel_00888.jpg,31,52,28,109.55,150.75,74.35,43.53,139,1
889,parcel_00889.jpg,79,68,20,220.22,196.9,129.65,27.69,130,1
890,parcel_00890.jpg,75,37,52,114.86,152.5,182.69,83.27,145,-1
891,parcel_00891.jpg,46,56,50,33.37,168.82,130.98,76.54,164,1
892,parcel_00892.jpg,52,29,44,216.02,176.38,76.47,48.97,142,-1
893,parcel_00893.jpg,60,56,43,258.52,186.37,98.17,46.47,174,-1
894,parcel_00894.jpg,29,31,25,234.33,215.79,44.56,23.62,130,-1
895,parcel_00895.jpg,75,27,38,95.09,189.79,111.71,38.4,156,1
896,parcel_00896.jpg,21,55,30,63.72,205.55,63.16,39.48,174,1
897,parcel_00897.jpg,84,50,23,130.25,190.25,192.18,47.38,163,-1
898,parcel_00898.jpg,56,44,40,106.1,165.91,81.65,39.1,154,1
899,parcel_00899.jpg,47,24,11,163.99,209.56,96.49,23.34,165,1
900,parcel_00900.jpg,62,12,21,206.02,199.78,107.89,28.45,174,1
901,parcel_00901.jpg,52,33,30,112.62,154.02,91.04,41.42,137,-1
902,parcel_00902.jpg,43,57,30,111.26,150.11,95.45,38.84,142,-1
903,parcel_00903.jpg,66,70,56,37.38,168.87,195.76,87.13,167,-1
904,parcel_00904.jpg,71,51,44,60.66,181.04,136.96,49.37,175,-1
905,parcel_00905.jpg,18,18,48,272.34,176.55,35.92,56.69,137,1
906,parcel_00906.jpg,85,51,37,114.4,156.51,226.0,85.14,144,1
907,parcel_00907.jpg,32,13,34,28.45,173.11,64.88,35.67,131,-1
908,parcel_00908.jpg,74,47,43,121.78,136.91,120.61,40.77,131,-1
909,parcel_00909.jpg,20,60,25,210.76,206.85,81.68,35.97,151,1
910,parcel_00910.jpg,62,13,28,127.99,183.24,135.21,51.84,147,-1
911,parcel_00911.jpg,27,48,50,174.43,184.77,64.76,57.86,131,-1
912,parcel_00912.jpg,63,17,41,130.27,192.01,131.57,49.94,173,-1
913,parcel_00913.jpg,54,46,59,192.95,148.81,131.58,86.79,137,1
914,parcel_00914.jpg,86,61,49,121.62,147.95,214.56,101.06,153,-1
915,parcel_00915.jpg,81,13,40,170.73,183.76,107.78,51.17,164,1
916,parcel_00916.jpg,45,65,24,247.2,185.01,95.38,29.72,135,1
917,parcel_00917.jpg,56,51,17,160.36,195.26,121.27,33.72,149,-1
918,parcel_00918.jpg,68,60,24,171.63,174.45,142.96,39.29,141,1
919,parcel_00919.jpg,31,15,53,82.43,174.27,65.59,70.58,148,-1
920,parcel_00920.jpg,90,52,31,91.56,184.79,161.54,41.89,141,-1
921,parcel_00921.jpg,48,30,38,138.64,193.09,95.92,52.78,144,1
922,parcel_00922.jpg,77,66,18,99.77,179.94,168.73,27.49,140,1
923,parcel_00923.jpg,66,43,28,205.63,151.49,117.18,40.25,134,-1
924,parcel_00924.jpg,27,47,57,132.8,193.34,62.46,52.23,152,1
925,parcel_00925.jpg,45,45,15,164.9,142.74,77.32,19.5,132,-1
926,parcel_00926.jpg,33,53,31,40.06,165.37,123.4,66.59,149,-1
927,parcel_00927.jpg,48,57,11,146.69,196.92,138.08,32.11,140,1
928,parcel_00928.jpg,57,22,15,148.09,195.04,127.28,30.54,154,-1
929,parcel_00929.jpg,60,61,21,149.14,169.79,118.46,27.26,145,1
930,parcel_00930.jpg,33,33,14,88.33,213.63,90.95,29.01,166,1
931,parcel_00931.jpg,86,64,58,27.28,179.09,135.91,55.04,174,1
932,parcel_00932.jpg,71,60,13,136.42,217.21,126.2,24.37,171,-1
933,parcel_00933.jpg,57,46,29,184.68,189.28,146.04,51.13,131,-1
934,parcel_00934.jpg,64,26,57,148.74,167.33,115.58,75.57,147,-1
935,parcel_00935.jpg,22,49,37,75.93,173.07,81.54,68.07,167,-1
936,parcel_00936.jpg,81,48,39,210.36,198.99,136.25,43.87,155,1
937,parcel_00937.jpg,51,12,11,138.37,182.79,78.75,14.24,132,-1
938,parcel_00938.jpg,74,21,23,36.39,182.72,157.3,47.58,161,1
939,parcel_00939.jpg,42,37,41,72.36,176.17,86.59,63.02,165,-1
940,parcel_00940.jpg,48,26,10,165.31,209.27,86.96,19.38,168,1
941,parcel_00941.jpg,52,29,15,93.93,188.21,104.0,24.73,146,-1
942,parcel_00942.jpg,61,49,32,255.71,171.32,106.65,42.56,166,-1
943,parcel_00943.jpg,48,46,27,123.06,162.91,116.92,36.25,139,-1
944,parcel_00944.jpg,67,28,58,183.85,163.76,124.47,80.49,140,-1
945,parcel_00945.jpg,25,33,34,128.03,184.6,72.08,51.47,148,1
946,parcel_00946.jpg,70,14,43,52.44,143.49,90.04,45.84,131,-1
947,parcel_00947.jpg,52,62,20,191.0,181.45,121.98,36.63,139,-1
948,parcel_00948.jpg,52,48,35,70.4,174.67,91.53,51.56,167,1
949,parcel_00949.jpg,83,43,55,137.42,143.98,194.81,106.03,159,1
950,parcel_00950.jpg,53,38,58,186.5,166.83,122.74,88.62,166,1
951,parcel_00951.jpg,26,59,11,232.93,169.25,95.92,29.76,153,-1
952,parcel_00952.jpg,42,13,24,206.07,138.3,64.4,25.71,133,-1
953,parcel_00953.jpg,50,38,29,78.71,158.61,135.91,56.32,139,1
954,parcel_00954.jpg,30,24,41,25.32,170.24,88.23,74.0,166,1
955,parcel_00955.jpg,43,40,29,177.52,146.11,104.9,50.65,141,1
956,parcel_00956.jpg,71,26,23,163.47,197.86,143.45,31.6,167,1
957,parcel_00957.jpg,53,60,21,35.96,161.16,162.23,49.51,137,-1
958,parcel_00958.jpg,19,22,8,281.05,194.11,54.87,20.22,164,-1
959,parcel_00959.jpg,38,46,53,213.66,176.36,81.54,66.23,136,-1
960,parcel_00960.jpg,24,18,43,41.26,189.25,47.16,41.6,144,-1
961,parcel_00961.jpg,33,37,35,76.7,205.23,71.4,36.19,166,1
962,parcel_00962.jpg,27,35,44,261.22,193.37,50.24,48.11,166,1
963,parcel_00963.jpg,58,61,50,98.31,168.61,133.21,77.35,163,-1
964,parcel_00964.jpg,47,39,51,91.03,148.23,135.81,98.26,164,1
965,parcel_00965.jpg,82,64,25,32.62,209.08,139.27,36.57,143,1
966,parcel_00966.jpg,24,39,13,47.93,162.95,91.09,30.28,143,1
967,parcel_00967.jpg,79,13,8,35.44,180.62,88.4,8.84,173,1
968,parcel_00968.jpg,89,23,20,163.14,167.56,154.42,36.43,145,-1
969,parcel_00969.jpg,29,65,51,90.05,166.82,107.44,87.27,163,-1
970,parcel_00970.jpg,32,12,46,198.07,197.66,56.31,46.52,157,-1
971,parcel_00971.jpg,87,66,41,77.31,162.22,171.34,61.68,147,1
972,parcel_00972.jpg,56,61,9,211.06,207.68,100.28,19.66,157,1
973,parcel_00973.jpg,83,28,12,204.65,221.16,136.81,21.73,159,1
974,parcel_00974.jpg,46,35,24,39.04,159.5,132.07,48.27,134,-1
975,parcel_00975.jpg,34,37,53,212.86,188.11,65.44,47.24,175,-1
976,parcel_00976.jpg,32,65,59,188.37,172.58,74.68,74.0,169,-1
977,parcel_00977.jpg,28,22,45,76.27,166.18,38.94,34.04,158,-1
978,parcel_00978.jpg,35,40,29,66.11,192.12,61.2,37.53,163,1
979,parcel_00979.jpg,65,29,11,48.97,193.39,130.27,21.38,130,-1
980,parcel_00980.jpg,36,29,29,167.22,186.73,87.84,54.07,134,1
981,parcel_00981.jpg,67,18,8,133.77,180.22,146.48,18.22,145,-1
982,parcel_00982.jpg,51,46,22,34.83,168.82,154.22,49.37,152,-1
983,parcel_00983.jpg,87,38,27,192.87,154.61,138.74,30.46,133,-1
984,parcel_00984.jpg,62,69,52,152.63,155.23,188.89,92.99,165,1
985,parcel_00985.jpg,85,29,12,119.47,225.6,153.13,18.7,145,1
986,parcel_00986.jpg,42,62,56,143.15,164.36,85.81,63.68,133,1
987,parcel_00987.jpg,35,40,29,147.58,175.09,63.75,31.21,168,-1
988,parcel_00988.jpg,43,60,18,233.94,157.81,124.39,40.81,148,-1
989,parcel_00989.jpg,32,32,60,182.07,171.04,56.97,65.3,131,1
990,parcel_00990.jpg,49,63,12,115.79,208.18,114.53,26.42,160,1
991,parcel_00991.jpg,27,64,13,209.21,214.14,73.3,22.88,174,1
992,parcel_00992.jpg,31,59,26,205.85,142.66,123.54,55.66,130,1
993,parcel_00993.jpg,40,36,17,217.26,181.9,96.29,36.31,151,1
994,parcel_00994.jpg,43,17,56,107.55,185.75,62.65,43.54,148,1
995,parcel_00995.jpg,28,51,31,121.01,177.23,79.14,37.52,158,-1
996,parcel_00996.jpg,66,70,41,66.27,167.08,175.04,71.34,151,-1
997,parcel_00997.jpg,59,35,40,149.08,152.94,85.0,43.78,142,-1
998,parcel_00998.jpg,35,41,18,180.05,209.68,53.91,24.11,169,1
999,parcel_00999.jpg,41,35,26,92.07,197.1,66.19,28.66,157,1
1000,parcel_01000.jpg,21,23,16,277.6,218.26,44.31,22.36,164,-1
1001,parcel_01001.jpg,60,38,29,22.56,173.1,137.85,54.74,163,-1
1002,parcel_01002.jpg,60,67,27,94.33,175.62,149.53,40.1,146,1
1003,parcel_01003.jpg,81,15,42,162.7,173.75,174.15,71.05,164,-1
1004,parcel_01004.jpg,74,16,59,228.47,181.54,99.28,60.88,140,-1
1005,parcel_01005.jpg,18,31,8,89.13,207.65,44.95,12.17,173,-1
1006,parcel_01006.jpg,77,65,52,132.46,143.6,208.87,103.86,144,1
1007,parcel_01007.jpg,43,63,31,148.77,192.48,93.06,49.89,162,1
1008,parcel_01008.jpg,68,29,19,59.29,157.77,137.76,34.29,130,1
1009,parcel_01009.jpg,55,15,11,286.49,174.75,66.91,13.56,149,-1
1010,parcel_01010.jpg,24,56,24,217.35,184.68,81.41,48.71,156,-1
1011,parcel_01011.jpg,36,61,40,159.59,202.87,73.8,35.79,153,1
1012,parcel_01012.jpg,55,27,41,29.32,172.93,119.38,70.63,163,-1
1013,parcel_01013.jpg,73,17,42,220.08,163.66,102.02,39.25,158,-1
1014,parcel_01014.jpg,40,54,12,173.3,168.46,99.96,30.2,140,-1
1015,parcel_01015.jpg,64,40,53,71.67,159.06,151.41,88.4,158,-1
1016,parcel_01016.jpg,61,22,26,222.32,187.08,98.43,36.71,148,1
1017,parcel_01017.jpg,61,26,41,180.0,159.99,113.88,58.72,155,1
1018,parcel_01018.jpg,21,21,28,300.61,160.93,49.38,38.92,149,-1
1019,parcel_01019.jpg,87,68,16,24.53,201.92,240.87,38.88,137,1
1020,parcel_01020.jpg,66,44,37,185.69,177.86,146.12,55.15,160,1
1021,parcel_01021.jpg,33,65,39,233.67,179.43,96.57,61.99,169,1
1022,parcel_01022.jpg,47,31,35,113.62,174.67,80.67,46.01,154,-1
1023,parcel_01023.jpg,35,32,58,98.31,174.16,81.85,69.58,170,1
1024,parcel_01024.jpg,26,21,48,232.73,163.78,71.09,75.67,155,1
1025,parcel_01025.jpg,34,30,51,61.7,167.08,73.62,70.31,146,-1
1026,parcel_01026.jpg,69,47,32,102.54,191.48,114.46,36.41,136,1
1027,parcel_01027.jpg,80,69,32,146.7,188.04,202.04,57.21,147,1
1028,parcel_01028.jpg,83,15,24,180.36,188.82,166.75,38.3,147,-1
1029,parcel_01029.jpg,83,19,24,179.3,165.4,160.54,34.93,130,-1
1030,parcel_01030.jpg,54,25,48,41.92,150.64,129.78,72.22,135,-1
1031,parcel_01031.jpg,68,29,26,68.87,152.47,141.24,49.64,141,1
1032,parcel_01032.jpg,64,31,46,137.98,183.08,91.54,49.87,168,-1
1033,parcel_01033.jpg,75,61,51,107.83,162.24,174.55,93.76,174,1
1034,parcel_01034.jpg,90,19,48,78.44,172.9,171.01,62.41,139,1
1035,parcel_01035.jpg,88,37,39,101.88,180.8,120.08,39.06,169,-1
1036,parcel_01036.jpg,78,54,41,157.06,166.29,158.68,69.14,160,1
1037,parcel_01037.jpg,88,41,29,108.93,180.8,149.38,39.62,147,-1
1038,parcel_01038.jpg,28,27,11,272.91,179.42,40.69,15.52,153,-1
1039,parcel_01039.jpg,90,48,52,46.33,180.7,160.24,64.75,175,-1
1040,parcel_01040.jpg,53,12,48,220.92,170.59,93.46,59.02,166,1
1041,parcel_01041.jpg,28,34,28,220.08,204.88,73.2,41.09,139,-1
1042,parcel_01042.jpg,31,28,48,168.16,164.55,49.21,51.73,144,-1
1043,parcel_01043.jpg,34,23,48,153.59,169.31,79.95,64.34,164,-1
1044,parcel_01044.jpg,83,37,37,167.45,170.12,151.86,49.15,166,-1
1045,parcel_01045.jpg,77,16,38,144.65,180.42,140.69,45.99,156,1
1046,parcel_01046.jpg,51,70,22,142.97,182.19,158.55,52.21,145,1
1047,parcel_01047.jpg,44,39,47,122.08,161.96,117.03,72.55,143,1
1048,parcel_01048.jpg,71,59,39,124.65,195.08,122.64,44.98,170,1
1049,parcel_01049.jpg,58,64,41,118.02,176.65,153.3,79.35,174,-1
1050,parcel_01050.jpg,55,53,16,216.91,183.5,129.49,30.58,173,-1
1051,parcel_01051.jpg,40,24,54,277.61,145.64,83.53,79.38,132,-1
1052,parcel_01052.jpg,76,70,58,163.53,156.39,169.24,88.2,152,-1
1053,parcel_01053.jpg,74,39,26,127.43,191.14,108.17,36.76,168,-1
1054,parcel_01054.jpg,85,46,41,134.61,193.89,122.96,41.26,170,-1
1055,parcel_01055.jpg,41,17,44,114.93,141.62,68.35,50.86,136,1
1056,parcel_01056.jpg,22,38,13,27.26,213.14,59.25,20.57,143,-1
1057,parcel_01057.jpg,83,48,13,137.91,151.33,207.86,38.28,139,-1
1058,parcel_01058.jpg,30,24,57,215.23,163.47,77.24,91.28,162,1
1059,parcel_01059.jpg,83,29,22,170.04,169.83,193.78,39.34,159,-1
1060,parcel_01060.jpg,47,38,22,118.09,184.65,109.03,42.27,136,1
1061,parcel_01061.jpg,88,39,46,35.0,156.13,152.73,68.9,152,-1
1062,parcel_01062.jpg,85,38,13,83.76,183.59,167.26,23.16,150,1
1063,parcel_01063.jpg,84,25,16,73.18,175.0,109.76,20.81,155,1
1064,parcel_01064.jpg,43,65,27,29.23,151.86,155.3,58.92,138,1
1065,parcel_01065.jpg,59,53,22,93.69,171.73,120.37,28.31,147,-1
1066,parcel_01066.jpg,89,61,36,46.58,189.2,129.75,41.41,169,1
1067,parcel_01067.jpg,38,43,38,205.17,143.8,115.48,73.12,131,-1
1068,parcel_01068.jpg,73,56,40,146.39,167.17,116.82,41.07,158,-1
1069,parcel_01069.jpg,67,14,28,205.24,178.93,84.04,30.56,158,-1
1070,parcel_01070.jpg,37,61,30,78.87,158.77,110.32,54.59,137,-1
1071,parcel_01071.jpg,79,24,49,84.34,145.04,112.41,56.67,131,1
1072,parcel_01072.jpg,37,61,46,143.71,157.47,70.34,50.32,143,1
1073,parcel_01073.jpg,47,49,29,254.81,179.19,85.39,39.37,150,-1
1074,parcel_01074.jpg,37,38,53,170.83,151.15,96.35,101.14,152,-1
1075,parcel_01075.jpg,47,55,10,96.03,176.54,131.1,23.74,159,-1
1076,parcel_01076.jpg,44,30,45,61.39,178.23,80.76,51.58,138,-1
1077,parcel_01077.jpg,84,19,25,189.43,191.04,154.47,44.77,135,1
1078,parcel_01078.jpg,55,38,33,48.67,143.62,147.24,62.1,137,-1
1079,parcel_01079.jpg,59,27,17,257.39,221.85,89.79,19.25,162,-1
1080,parcel_01080.jpg,22,20,13,168.4,215.66,48.68,18.13,172,1
1081,parcel_01081.jpg,88,45,32,101.4,185.39,126.06,37.76,148,1
1082,parcel_01082.jpg,64,59,40,150.39,175.65,128.41,61.3,133,-1
1083,parcel_01083.jpg,53,61,55,27.63,160.0,148.02,96.0,156,1
1084,parcel_01084.jpg,18,61,53,94.61,180.61,60.06,60.67,137,1
1085,parcel_01085.jpg,75,63,55,84.14,155.6,168.11,91.29,153,-1
1086,parcel_01086.jpg,81,22,36,106.03,198.19,141.42,40.9,145,1
1087,parcel_01087.jpg,26,54,53,120.69,170.25,93.1,75.74,166,-1
1088,parcel_01088.jpg,60,69,35,191.76,178.11,139.3,59.61,141,1
1089,parcel_01089.jpg,34,25,18,58.77,204.85,94.59,36.49,159,1
1090,parcel_01090.jpg,34,18,53,95.92,182.08,47.12,47.61,165,1
1091,parcel_01091.jpg,89,25,30,170.43,195.22,161.66,49.49,172,-1
1092,parcel_01092.jpg,44,55,39,123.82,176.39,117.67,60.03,159,1
1093,parcel_01093.jpg,68,33,41,100.89,144.68,133.19,58.61,137,-1
1094,parcel_01094.jpg,64,53,37,115.83,156.08,158.88,71.44,141,1
1095,parcel_01095.jpg,69,42,20,71.41,163.77,91.87,25.08,131,1
1096,parcel_01096.jpg,63,70,40,233.49,164.0,104.44,44.85,151,-1
1097,parcel_01097.jpg,84,54,46,64.98,165.87,199.29,80.17,162,1
1098,parcel_01098.jpg,35,40,44,265.32,194.39,68.78,49.06,173,-1
1099,parcel_01099.jpg,38,54,51,210.26,163.84,96.59,81.96,159,1
1100,parcel_01100.jpg,26,52,32,117.3,194.35,77.88,47.89,167,1
1101,parcel_01101.jpg,54,16,45,136.95,155.74,101.79,56.88,143,-1
1102,parcel_01102.jpg,28,53,52,167.05,168.76,100.64,71.25,161,-1
1103,parcel_01103.jpg,87,51,45,157.72,165.28,171.17,66.56,157,1
1104,parcel_01104.jpg,56,25,29,75.85,201.45,100.12,36.47,140,1
1105,parcel_01105.jpg,87,42,57,135.51,177.81,119.13,65.22,171,-1
1106,parcel_01106.jpg,36,44,51,35.33,158.86,76.1,64.12,139,-1
1107,parcel_01107.jpg,47,59,48,182.28,169.46,161.22,86.54,169,-1
1108,parcel_01108.jpg,54,12,8,110.22,221.9,84.54,12.2,137,1
1109,parcel_01109.jpg,68,40,8,74.6,174.0,156.75,28.07,141,-1
1110,parcel_01110.jpg,76,55,21,220.61,197.1,112.99,25.14,155,-1
1111,parcel_01111.jpg,66,67,21,155.56,201.92,152.05,38.17,173,-1
1112,parcel_01112.jpg,29,20,14,248.76,215.02,76.74,22.9,162,1
1113,parcel_01113.jpg,90,36,48,128.36,163.51,169.03,74.72,143,-1
1114,parcel_01114.jpg,55,47,10,38.72,208.39,82.57,11.64,138,1
1115,parcel_01115.jpg,46,21,36,246.15,163.63,82.85,53.13,131,1
1116,parcel_01116.jpg,18,68,45,215.24,168.83,77.75,64.91,150,1
1117,parcel_01117.jpg,24,39,59,113.65,162.57,54.3,76.63,158,-1
1118,parcel_01118.jpg,30,37,47,50.6,161.89,94.39,73.68,140,1
1119,parcel_01119.jpg,34,52,55,49.45,168.97,84.58,79.82,167,-1
1120,parcel_01120.jpg,73,60,22,120.49,191.17,158.04,35.3,160,-1
1121,parcel_01121.jpg,53,57,47,148.57,190.39,128.52,51.79,138,-1
1122,parcel_01122.jpg,45,14,49,117.24,196.46,66.54,40.07,149,1
1123,parcel_01123.jpg,79,31,53,86.38,150.77,161.73,85.07,135,-1
1124,parcel_01124.jpg,69,21,57,51.88,161.21,84.67,45.95,153,1
1125,parcel_01125.jpg,90,34,56,112.4,166.41,168.55,81.21,167,-1
1126,parcel_01126.jpg,84,59,37,115.77,166.05,201.76,77.02,161,1
1127,parcel_01127.jpg,20,18,59,227.8,161.43,45.03,80.63,148,-1
1128,parcel_01128.jpg,53,30,34,26.24,187.24,85.5,33.62,163,1
1129,parcel_01129.jpg,41,17,59,206.5,146.41,93.32,89.42,132,1
1130,parcel_01130.jpg,35,53,56,238.29,194.09,65.09,51.87,151,-1
1131,parcel_01131.jpg,40,48,48,33.18,172.34,86.0,65.15,140,-1
1132,parcel_01132.jpg,89,30,37,68.46,207.45,120.79,35.36,160,-1
1133,parcel_01133.jpg,34,67,23,246.86,194.82,76.14,32.44,156,1
1134,parcel_01134.jpg,41,16,47,105.13,164.49,94.93,78.55,154,1
1135,parcel_01135.jpg,40,41,23,67.31,157.96,92.91,37.74,136,-1
1136,parcel_01136.jpg,81,60,26,224.0,195.28,124.47,32.84,162,1
1137,parcel_01137.jpg,34,25,12,40.63,184.58,50.04,14.28,140,1
1138,parcel_01138.jpg,52,51,47,163.43,163.44,118.71,78.73,135,-1
1139,parcel_01139.jpg,75,64,28,134.77,140.09,151.37,48.37,136,-1
1140,parcel_01140.jpg,24,69,53,181.36,151.64,66.48,50.37,147,1
1141,parcel_01141.jpg,59,53,47,105.76,170.15,145.65,60.21,161,-1
1142,parcel_01142.jpg,39,65,9,189.73,192.68,93.96,16.5,142,-1
1143,parcel_01143.jpg,80,41,26,229.98,173.46,104.25,28.0,150,1
1144,parcel_01144.jpg,35,20,48,67.58,167.19,78.46,78.77,163,-1
1145,parcel_01145.jpg,62,46,12,77.85,191.45,122.54,21.9,167,-1
1146,parcel_01146.jpg,67,24,9,112.06,181.93,148.7,18.3,170,-1
1147,parcel_01147.jpg,89,48,34,53.97,164.51,212.43,47.89,157,1
1148,parcel_01148.jpg,84,12,50,151.56,166.06,149.24,73.72,159,-1
1149,parcel_01149.jpg,63,31,31,100.64,182.27,125.69,51.6,149,1
1150,parcel_01150.jpg,33,54,38,77.39,190.87,68.04,44.79,145,1
1151,parcel_01151.jpg,19,23,44,289.52,143.17,51.94,64.94,135,1
1152,parcel_01152.jpg,37,29,36,152.12,207.62,56.52,37.74,137,-1
1153,parcel_01153.jpg,61,58,33,105.05,161.58,103.08,44.89,134,-1
1154,parcel_01154.jpg,79,51,27,184.61,185.01,176.58,41.92,152,-1
1155,parcel_01155.jpg,31,26,52,106.86,164.44,88.08,68.16,153,-1
1156,parcel_01156.jpg,76,69,8,44.55,190.06,199.1,26.31,156,1
1157,parcel_01157.jpg,87,23,15,57.6,217.16,115.51,21.34,166,1
1158,parcel_01158.jpg,58,62,16,31.7,197.92,116.87,32.26,170,1
1159,parcel_01159.jpg,19,62,23,216.96,187.14,94.42,42.92,167,1
1160,parcel_01160.jpg,39,38,24,241.86,177.58,91.86,38.43,170,-1
1161,parcel_01161.jpg,19,65,36,27.88,189.82,84.53,51.88,156,-1
1162,parcel_01162.jpg,18,44,9,89.81,206.59,61.95,17.86,163,-1
1163,parcel_01163.jpg,53,53,36,221.64,179.13,88.64,46.06,141,-1
1164,parcel_01164.jpg,88,64,58,58.06,124.39,242.02,126.33,167,1
1165,parcel_01165.jpg,64,47,44,206.8,176.22,133.42,66.04,172,1
1166,parcel_01166.jpg,55,50,42,44.58,171.5,170.2,71.34,158,-1
1167,parcel_01167.jpg,45,41,39,183.32,188.92,93.91,56.39,164,1
1168,parcel_01168.jpg,67,41,26,109.06,161.61,98.24,29.9,151,-1
1169,parcel_01169.jpg,46,61,38,65.09,156.66,136.34,70.71,147,-1
1170,parcel_01170.jpg,31,27,22,275.44,204.24,47.14,21.42,167,1
1171,parcel_01171.jpg,80,33,26,217.8,207.73,104.95,31.71,148,1
1172,parcel_01172.jpg,77,22,8,152.47,194.39,164.69,24.57,172,1
1173,parcel_01173.jpg,40,65,15,34.79,200.79,105.29,32.31,161,1
1174,parcel_01174.jpg,67,39,33,171.27,148.94,138.85,43.82,142,-1
1175,parcel_01175.jpg,34,13,56,71.56,161.22,77.97,86.1,158,-1
1176,parcel_01176.jpg,87,35,60,153.86,156.7,202.29,87.81,152,-1
1177,parcel_01177.jpg,90,52,56,191.6,188.5,146.35,57.1,169,1
1178,parcel_01178.jpg,28,30,57,189.61,163.59,74.41,81.1,151,-1
1179,parcel_01179.jpg,68,33,60,173.52,157.91,111.13,79.74,153,1
1180,parcel_01180.jpg,47,63,30,48.69,176.65,133.8,48.08,156,1
1181,parcel_01181.jpg,62,66,8,229.91,220.49,96.09,13.5,170,-1
1182,parcel_01182.jpg,65,42,44,140.48,154.9,140.25,76.27,139,-1
1183,parcel_01183.jpg,36,41,47,197.89,160.34,98.46,83.02,131,1
1184,parcel_01184.jpg,38,50,47,90.76,149.33,129.23,75.63,136,1
1185,parcel_01185.jpg,32,28,17,88.46,177.96,92.87,39.67,171,1
1186,parcel_01186.jpg,82,68,24,116.42,160.92,187.53,36.58,144,1
1187,parcel_01187.jpg,29,62,34,118.89,156.09,69.81,48.26,143,1
1188,parcel_01188.jpg,36,54,11,149.01,186.81,106.17,29.97,170,-1
1189,parcel_01189.jpg,85,38,49,109.95,183.76,111.83,52.48,165,1
1190,parcel_01190.jpg,34,14,50,194.37,194.71,59.94,49.47,155,1
1191,parcel_01191.jpg,71,25,58,68.04,179.34,84.21,40.91,160,1
1192,parcel_01192.jpg,57,26,16,41.83,160.94,120.09,26.98,147,1
1193,parcel_01193.jpg,67,62,38,190.3,175.39,168.51,67.37,171,-1
1194,parcel_01194.jpg,38,14,32,140.09,163.67,59.68,37.11,152,-1
1195,parcel_01195.jpg,50,49,50,141.79,169.33,128.49,76.09,160,1
1196,parcel_01196.jpg,59,37,55,136.96,184.56,81.08,50.45,133,1
1197,parcel_01197.jpg,38,25,44,206.45,175.62,99.71,68.76,159,-1
1198,parcel_01198.jpg,45,58,55,57.41,152.91,121.85,82.98,148,-1
1199,parcel_01199.jpg,54,27,12,224.93,201.03,115.46,21.05,165,-1
1200,parcel_01200.jpg,20,32,54,112.06,157.29,64.12,94.98,154,1
1201,parcel_01201.jpg,26,46,26,196.78,171.28,72.68,39.03,132,1
1202,parcel_01202.jpg,72,54,36,109.83,175.91,122.98,39.96,164,1
1203,parcel_01203.jpg,34,24,34,242.05,175.3,73.88,41.83,130,1
1204,parcel_01204.jpg,79,37,9,37.47,183.82,139.69,24.01,148,1
1205,parcel_01205.jpg,57,52,24,159.12,175.07,144.72,39.62,145,1
1206,parcel_01206.jpg,39,17,12,164.83,217.65,54.72,12.67,167,-1
1207,parcel_01207.jpg,80,57,20,67.57,206.68,166.85,28.69,131,-1
1208,parcel_01208.jpg,32,38,26,278.32,160.64,58.86,35.57,148,1
1209,parcel_01209.jpg,46,27,38,230.35,189.99,70.31,42.56,160,-1
1210,parcel_01210.jpg,88,70,12,37.09,205.9,209.9,31.25,155,1
1211,parcel_01211.jpg,65,20,36,220.28,182.06,93.2,34.02,146,1
1212,parcel_01212.jpg,57,26,60,135.81,177.03,101.36,64.19,172,-1
1213,parcel_01213.jpg,87,17,19,55.75,218.13,126.0,19.47,147,1
1214,parcel_01214.jpg,66,67,48,86.28,168.64,180.47,74.21,162,1
1215,parcel_01215.jpg,30,16,10,239.5,214.18,62.53,15.17,163,1
1216,parcel_01216.jpg,27,29,16,156.4,194.85,56.9,25.74,134,1
1217,parcel_01217.jpg,33,26,34,84.8,150.07,98.42,52.63,146,-1
1218,parcel_01218.jpg,42,13,47,97.25,163.76,69.25,52.58,159,-1
1219,parcel_01219.jpg,69,50,11,119.16,208.89,170.78,32.91,158,-1
1220,parcel_01220.jpg,29,45,44,20.31,165.13,109.43,78.9,143,-1
1221,parcel_01221.jpg,86,55,39,191.28,166.34,163.88,54.48,141,1
1222,parcel_01222.jpg,47,34,52,124.57,169.38,75.28,61.42,140,-1
1223,parcel_01223.jpg,49,48,41,165.39,183.55,127.14,61.1,168,-1
1224,parcel_01224.jpg,70,19,34,161.66,179.62,163.02,56.0,163,1
1225,parcel_01225.jpg,20,27,30,184.56,175.59,35.8,31.12,132,1
1226,parcel_01226.jpg,86,28,51,155.55,157.65,175.11,87.02,151,-1
1227,parcel_01227.jpg,50,58,11,57.34,147.25,101.33,19.2,139,1
1228,parcel_01228.jpg,75,69,23,61.09,190.02,137.78,31.97,144,-1
1229,parcel_01229.jpg,78,65,55,221.79,164.24,138.02,58.42,133,-1
1230,parcel_01230.jpg,18,13,22,255.36,175.47,47.46,43.16,146,-1
1231,parcel_01231.jpg,76,17,16,121.56,166.35,124.45,21.79,135,-1
1232,parcel_01232.jpg,74,56,30,76.23,181.99,165.96,49.01,140,1
1233,parcel_01233.jpg,81,51,20,101.79,197.56,159.31,35.15,173,1
1234,parcel_01234.jpg,24,66,38,34.82,161.23,79.62,49.78,156,1
1235,parcel_01235.jpg,47,61,42,101.35,158.96,131.26,61.12,149,1
1236,parcel_01236.jpg,83,41,52,111.29,155.48,199.94,79.97,142,-1
1237,parcel_01237.jpg,84,60,50,80.17,172.93,195.41,65.29,144,1
1238,parcel_01238.jpg,77,25,10,165.07,214.07,148.99,23.38,165,-1
1239,parcel_01239.jpg,88,12,36,205.83,195.39,147.46,49.23,155,-1
1240,parcel_01240.jpg,69,19,14,90.01,184.6,146.62,33.63,163,-1
1241,parcel_01241.jpg,23,22,31,293.19,190.16,62.38,42.44,142,-1
1242,parcel_01242.jpg,88,12,41,84.98,168.8,190.99,75.69,156,-1
1243,parcel_01243.jpg,38,22,55,107.23,161.75,77.87,84.23,157,-1
1244,parcel_01244.jpg,32,64,21,196.09,162.85,72.48,28.66,151,1
1245,parcel_01245.jpg,62,70,49,64.52,150.71,184.31,95.25,146,-1
1246,parcel_01246.jpg,30,56,10,163.3,214.55,91.87,26.75,148,1
1247,parcel_01247.jpg,72,17,43,115.23,167.83,148.45,65.94,143,-1
1248,parcel_01248.jpg,77,22,22,98.99,141.35,99.46,22.26,136,-1
1249,parcel_01249.jpg,23,22,21,195.4,201.61,64.04,28.11,164,-1
1250,parcel_01250.jpg,53,42,11,145.8,168.65,93.9,18.39,132,1
